"Mean.REGION","Mean.ISLAND","Mean.REEF_ZONE","Mean.ANALYSIS_YEAR","Mean.N","Mean.PISCIVORE","Mean.PLANKTIVORE","Mean.PRIMARY","Mean.SECONDARY","Mean.TotFish","Mean.0_20","Mean.20_50","Mean.50_plus","Mean.MEAN_SIZE","Mean.P10_30","Mean.P30_plus","Mean.Carangidae","Mean.Carcharhinidae","Mean.Acanthuridae","Mean.CEAR","Mean.LUFU","Mean.LUKA","Mean.NEMA","Mean.TOT_AREA_WT","PooledSE.REGION","PooledSE.ISLAND","PooledSE.REEF_ZONE","PooledSE.ANALYSIS_YEAR","PooledSE.N","PooledSE.PISCIVORE","PooledSE.PLANKTIVORE","PooledSE.PRIMARY","PooledSE.SECONDARY","PooledSE.TotFish","PooledSE.0_20","PooledSE.20_50","PooledSE.50_plus","PooledSE.MEAN_SIZE","PooledSE.P10_30","PooledSE.P30_plus","PooledSE.Carangidae","PooledSE.Carcharhinidae","PooledSE.Acanthuridae","PooledSE.CEAR","PooledSE.LUFU","PooledSE.LUKA","PooledSE.NEMA"
"NWHI","Kure","Backreef","2010-12",6,6.05495345328569,0.447666313084939,20.6481619801398,21.3737449307724,48.5245266772829,9.4265499606224,33.6931714446376,5.40480527202289,20.0650814048605,1.93708365672962,4.55777400579667,5.96049815487508,0,12.5629189365467,0,0,0,0,609.39,"NWHI","Kure","Backreef","2010-12",6,3.69939796222963,0.280906297775133,3.16389868545115,5.96578141891493,8.24057157468019,2.32644639683247,5.90575898840651,3.65676833451269,1.62390730938547,1.02285944360795,2.3707624320282,3.67848038367276,0,2.72357408096424,0,0,0,0
"NWHI","Pearl & Hermes","Backreef","2010-12",8,59.0654410340428,0.710561742519964,16.1123099208178,4.12910559855984,88.6174004925237,4.50004086844265,19.7881400521388,55.0526266578503,19.2829823329823,0.857861618848419,2.00397294011775,58.7168123451316,0,21.3983268138463,0,0,0,0,2075,"NWHI","Pearl & Hermes","Backreef","2010-12",8,43.4257153445201,0.641590968551644,9.69957089601674,1.09237663494848,48.630098153513,1.88542413341672,12.6932702479785,43.9314675397474,2.87706730529324,0.484532704976343,1.66142621343759,43.4563279665502,0,18.2792793720778,0,0,0,0
"MHI","Hawaii","Forereef","2010-12",43,3.67233421877859,2.33246189507453,13.604765895871,6.26988335244479,25.8794453621689,9.01279664611782,15.5805865898648,1.28606212618629,16.6115411102616,0.939818265393081,2.0701523296348,0.996706916341121,0,9.29915878161088,1.71596867277222,0.192048346633634,0.770813810830886,0,12457.728,"MHI","Hawaii","Forereef","2010-12",43,0.978098540515501,0.445538127293859,1.35870717376542,0.472748500649505,2.36206331818195,0.615795164560226,1.72005501734768,0.86086382977897,0.277127132511041,0.184723337339962,0.404515112240814,0.95959216125967,0,1.01113232205584,0.402118884026463,0.0610169588055533,0.213062986052709,0
"NWHI","French Frigate","Forereef","2010-12",12,46.1074860596998,1.75972243744695,9.68237012059335,6.36300386975742,65.1349640116677,6.27724298275367,12.3824530933437,45.31707779313,22.6132721525211,0.448985581373612,1.7087806191723,69.0340969085868,0,5.749436633783,0,0,0.273657117117041,0,5523.656,"NWHI","French Frigate","Forereef","2010-12",12,19.3106662770754,0.484321028753219,3.18950629250387,0.937093734739605,22.1515660106918,0.969338105585379,3.06707629992722,19.1451536762333,0.946459088237273,0.282386248953995,0.885747750331926,65.4791082353285,0,2.46982820927611,0,0,0.23937009243448,0
"MHI","Kauai","Forereef","2010-12",25,5.11919270172735,4.2970733513735,6.5859790001711,7.17123211394045,23.1734771672124,5.95841031167535,14.2996125183333,2.91545433720374,18.2428082692288,0.330644681344529,0.881541613623037,1.70710340492599,0,4.2128680229557,0.810969173219314,0.216877640417441,1.18459987017483,0,17624.272,"MHI","Kauai","Forereef","2010-12",25,1.1463289994609,1.76937977930064,1.2854152951,1.83533390969258,3.68690409945221,1.23757222532976,2.76962336761527,1.09226975592898,0.846028514991833,0.130572845581544,0.390569425702534,1.22591199191372,0,0.801072945413937,0.309834431444424,0.0863644973737649,0.625459535448572,0
"NWHI","Kure","Forereef","2010-12",30,70.7481778701237,5.67307382139771,25.3109568711272,13.5860821289271,118.266992654822,12.7518675827185,32.3783163702125,71.8408496796235,18.5627745719698,1.97452351194779,7.66064288967787,23.0850315878321,41.1019579816015,9.04421396588764,0,0,0,0,1660.086,"NWHI","Kure","Forereef","2010-12",30,16.8901300275519,1.42494211578204,3.46899977599388,1.53656453567474,19.1350323629834,1.31640041515244,3.56578364682196,17.7379531431241,0.74641252690507,0.342032048609362,1.23928298472552,10.0425524785187,14.1702591938053,1.56270084647064,0,0,0,0
"MHI","Lanai","Forereef","2010-12",44,10.1010120203059,6.6744099746333,13.7805397708789,6.34265800412196,36.89861976994,10.7441443391085,19.5114350195887,6.64304041124276,17.5648968637367,3.26749001723476,1.93741146153346,1.57736551278881,0,7.96550608849116,2.33305760649192,0.117433500153862,0.123719812482884,0,2584.842,"MHI","Lanai","Forereef","2010-12",44,4.95104581395815,0.920907697156092,1.3798175972007,0.824649131141481,4.69594343515697,1.2877433376147,1.89329984057272,5.21704028929537,1.41150354343947,0.675014556434291,0.859092226103545,1.23532543170647,0,1.28666690110828,0.770528338920569,0.0548337274688621,0.117100176961761,0
"NWHI","Laysan","Forereef","2010-12",23,45.7498146461519,2.3313216476623,5.16994333391096,7.68630132472676,61.0719155823812,5.75154447806088,12.0847307188472,43.2356403854731,21.1946831523379,0.440730131034215,0.362036584910319,14.2442732825047,1.70726303099606,3.39638702828564,0,0,0,0,9094.76,"NWHI","Laysan","Forereef","2010-12",23,10.2363742808589,1.62718543026059,1.35671818737311,1.25308482207996,11.7071518252563,0.979940833326845,2.7087877357208,9.98705088565823,1.44011031423534,0.269752370466535,0.130677825164499,8.93704103337408,1.21746597484838,0.931589091905663,0,0,0,0
"NWHI","Lisianski","Forereef","2010-12",59,153.972238032978,2.29194831853328,17.6000587221029,8.49648835572073,192.025485628884,12.6897601342092,20.781857914661,148.83102062597,22.7714424334945,6.02549556765633,2.98204871209596,312.791169875194,16.9890729278689,7.44678442425906,0,0,0,0,29733.979,"NWHI","Lisianski","Forereef","2010-12",59,26.3895079933651,0.487256716167819,1.73269451035588,1.68350196871849,29.1223713764898,1.07437025776471,2.59889210671074,25.8058254832249,1.1609884773241,0.694896803629355,0.743147061225919,148.669667157603,8.05555980698844,1.10314850662426,0,0,0,0
"NWHI","Maro","Forereef","2010-12",21,127.551950740984,5.50475394046643,12.7337616966123,7.82528279206428,163.101666866231,10.3185898841101,21.0030654390078,124.254936955607,21.5133653739321,3.0768991492955,1.92324914065084,67.0246165977822,36.5351291739021,7.17698391468575,0,0,0,0,67465.44,"NWHI","Maro","Forereef","2010-12",21,49.3537880799111,2.09302325636068,2.48685407411367,1.45583562388151,57.3486621002784,1.473602162723,4.33059734630779,48.8104509360382,2.59721219975303,0.796909503996568,0.709344157895576,63.0396829796854,20.9128273840494,2.16721835153683,0,0,0,0
"MHI","Maui","Forereef","2010-12",77,2.49068572561988,2.40449715346406,13.7426220577204,6.73143989070941,25.7308135304131,9.20569053154396,15.5684863201134,0.956636678755782,16.2712675929332,1.40964476280496,1.74523215186979,0.0589693848217013,0,8.6909435668615,0.976673301455458,0.128082451266875,0.249114636243457,0,5920.087,"MHI","Maui","Forereef","2010-12",77,0.48341453927302,0.481710309241974,2.5359557338139,0.487297408612324,2.80380711044164,0.85431362908388,1.98361403782097,0.457480517161025,0.332875505018645,0.26951673658811,0.754367865194212,0.0506895787077064,0,1.36010403175027,0.258868211616678,0.0528981791567991,0.0703346867066637,0
"NWHI","Midway","Forereef","2010-12",17,66.7693282726979,7.66895692879277,40.6742753512245,15.548968895481,146.801615792678,18.7696316546504,47.8542268757676,66.9705084943145,19.6294485730064,2.02771891179224,11.2409119645475,20.5561461736733,30.8106018981527,34.3844530389389,0,0,0,0,3413.664,"NWHI","Midway","Forereef","2010-12",17,19.8737799509587,2.75179914329914,6.08765188755451,1.83820783253769,29.6473055249747,3.52798148708427,7.48541154979221,19.9304496537496,1.25592992265454,0.526160531247248,1.66775021790306,9.84695548058811,16.9711962796601,12.2073404008069,0,0,0,0
"MHI","Molokai","Forereef","2010-12",60,3.3202312274709,2.62218111112322,14.534793052028,7.54461716568126,31.5699949142415,9.71139770199745,16.9630157231515,2.35179586607181,16.094092014073,2.0302104032728,2.34256848764968,0.331565055618732,0.243543765023423,7.10916391467183,1.63718919489972,0.158590401736887,1.80220681464327,0,9324.295,"MHI","Molokai","Forereef","2010-12",60,0.629492127627936,0.722808435001267,2.32757920868693,0.973472495068431,4.99086411498682,0.864812055645829,2.90617054468921,0.733484840287424,0.426921765082516,0.35970590415582,0.752371617717004,0.154430079392279,0.24325329626686,1.12845629353387,0.352714558855054,0.0587148130876201,1.04651191978551,0
"MHI","Niihau","Forereef","2010-12",15,18.7369430031064,3.7598959170923,17.2319102871172,11.2329852846166,57.1651160712996,8.31209303503912,32.0309111342052,11.8824954987802,21.0180344397387,1.38477731386301,2.66615245927938,3.02209974906772,0,11.8224913871136,3.57541963776834,0.642195773731178,5.60627756826874,0,7068.214,"MHI","Niihau","Forereef","2010-12",15,2.95842316821833,2.63985428291203,2.82619261410075,2.69005089385681,13.2435335177052,2.75545945257311,6.59132066732077,3.82675500022183,0.911647755206036,0.548950545365297,0.725581143161553,1.83092355001114,0,2.18798622258543,1.18356569952266,0.253435039637225,4.45183896459486,0
"MHI","Oahu","Forereef","2010-12",73,0.639909946200543,1.07428771480201,3.9574721102625,4.17059592473465,9.84226569599971,4.87410301906292,4.60967861014714,0.35848406678964,15.3964669752987,0.241742751479696,0.114829567296366,0.0605627668723904,0,2.85505541155925,0.092695162925955,0,0,0,19452.629,"MHI","Oahu","Forereef","2010-12",73,0.15570302991602,0.22283148925366,0.750205578890051,0.292447916850859,1.04874442991317,0.411199745802242,0.778331567427359,0.128307903940944,0.413470763276687,0.081257994967736,0.0553245764011626,0.0328513847667867,0,0.653192846832212,0.0522206752546267,0,0,0
"NWHI","Pearl & Hermes","Forereef","2010-12",48,144.875971864308,4.99361288853254,13.605171752653,9.802543720016,177.875175002033,13.4974265062116,18.1390625159181,141.576092252399,20.2230845576747,3.71835599285594,1.99658513472826,191.037339319921,25.1029195773434,5.64926936326407,0,0,0.0434650172044653,0,8022.707,"NWHI","Pearl & Hermes","Forereef","2010-12",48,23.1640886302197,1.14918247241928,1.45073584249369,1.29193238424375,25.1137424872361,1.11491152285207,2.39125859490221,23.2235103450966,0.934513122153846,0.619031290074977,0.416995379675721,78.2055481384208,11.8975693982273,0.723801810197722,0,0,0.0366628329684956,0
"NWHI","French Frigate","Lagoon","2010-12",15,68.5878281900605,1.10124038983816,19.4387614043526,9.39606052890273,100.721551541023,13.6938987519803,22.501587691715,63.1710203196707,19.5123128843935,6.72549316361796,3.74628440334833,38.9514083372702,1.21697916031201,6.41191800326911,0,0,0.880095036757241,0,13317.505,"NWHI","French Frigate","Lagoon","2010-12",15,33.7191711773781,0.208197950983359,3.11301874843492,2.54747940045303,37.433741450542,1.85737930363022,4.5564474310738,32.7378565011826,1.97727263377566,1.55834028963127,1.60866504815252,37.3207044103777,1.21628469203759,0.616587486518032,0,0,0.417832769443918,0
"NWHI","Kure","Lagoon","2010-12",9,7.49577877350325,1.63234207644452,13.5419004642363,10.1851203026398,33.50043587298,6.89206059742317,20.3803479586457,6.22802731691122,15.5542484520503,1.62180682608801,3.3840252240756,4.74753300028294,0,6.48574759054925,0,0,0,0,742.055,"NWHI","Kure","Lagoon","2010-12",9,3.14104879085537,1.43995590065397,7.77266804283074,3.72021849004804,14.2659589715485,2.58599556498984,10.1473195838493,2.79297618286686,1.35098028341114,0.680451338314426,2.6576338111281,2.51702115698014,0,4.01678802439458,0,0,0,0
"NWHI","Maro","Lagoon","2010-12",4,43.3424799442664,0.171793679778789,14.3981108007795,11.1393481537526,69.0517325785772,12.6767460112157,14.6511011573706,41.7238854099909,15.9150454630063,7.94136941380249,1.46426027832633,42.2842336900623,0,3.91019180232146,0,0,0,0,617.72,"NWHI","Maro","Lagoon","2010-12",4,34.0676341447711,0.0724655136625447,2.36659984166365,6.81133962143266,29.1105726871119,1.99341343677949,8.00417906720782,34.6719006396109,0.861675077230472,1.24762176830424,0.913756173311316,34.4513106191505,0,1.05454388005894,0,0,0,0
"NWHI","Midway","Lagoon","2010-12",2,103.238788847029,1.83530922729178,41.3803389713081,25.8915787159919,182.571688432496,9.99552284473365,52.5294755433524,120.04669004441,18.9367692180114,1.12337357969665,10,47.4338274555182,36.8041409266357,16.8113450488893,0,0,0,0,125.527,"NWHI","Midway","Lagoon","2010-12",2,13.8130100905628,0.380587438903156,38.54266923542,17.0743140961245,80.0158677269527,3.86323065447614,41.6981672106079,34.4544698618686,2.06168311366805,0.436452113624684,9.98006409398191,21.6984662620682,36.7307685371767,16.0255443220513,0,0,0,0
"NWHI","Pearl & Hermes","Lagoon","2010-12",34,113.448985308295,0.670603576645149,11.5086922512944,5.41033963367367,134.835591247772,10.6830986748776,7.76454447795216,112.297635450737,20.1027714866566,4.81631652370252,1.28861626616756,105.448440324171,8.95248542986663,3.37723470719259,0,0,0,0,12290.999,"NWHI","Pearl & Hermes","Lagoon","2010-12",34,28.3226441129485,0.134222252152113,1.93130921111626,0.955853719570512,29.818218549594,1.45885458092202,1.97622182340501,28.1673262295738,1.35268332053572,1.07978499897795,0.518928115212639,35.3369691827679,4.86590846903576,0.868771856224288,0,0,0,0
"NWHI","French Frigate","Protected Slope","2010-12",23,80.9426317779794,5.00448465098563,12.0341143932294,9.05607936187556,108.240621788362,14.9612373451882,16.1989534449656,77.0804309982079,17.1241908369882,5.29157644325187,0.93036542743473,28.9457362594298,14.4230483895103,5.31396804025486,0.0958636572253294,0,1.60094830117399,0,21667.34,"NWHI","French Frigate","Protected Slope","2010-12",23,20.0587882569488,2.49785119047788,1.41951020786807,1.1697806981969,22.1184108866924,1.93566855234539,4.13825403974157,20.6487179132955,0.906384098027924,0.666932072883445,0.302142014339121,16.2196790797618,13.8948498205491,0.734980542694695,0.0583582606995752,0,0.605475117997901,0
"NWHI","Pearl & Hermes","Backreef","2013-15",2,0.120304492692003,0.320883287698795,18.3554540545501,16.1033751070772,34.9000169420181,9.04540018417477,25.8546167578433,0,15.779304029304,2.93847151432112,4.43037111047138,0,0,9.51027221349347,0,0,0,0,2075,"NWHI","Pearl & Hermes","Backreef","2013-15",2,0.0579984357442391,0.102087403171362,0.823348243995648,10.8636958276259,11.526958232706,2.90945386179122,8.61750437091474,0,0.0540227940824133,0.833511743401825,0.153978919078971,0,0,1.80602332695137,0,0,0,0
"MHI","Hawaii","Forereef","2013-15",155,5.97569898341622,5.0819641304771,19.904351134063,8.79936524636967,40.0363186533559,14.7831819638369,21.416115158175,3.57062182473244,16.3822343285105,0.888281135665141,2.57382857750766,0.850397872048328,0,14.2778773527887,2.24355015766885,0.349517912308499,1.31590829301328,0,14564.612,"MHI","Hawaii","Forereef","2013-15",155,0.703726790280158,0.646701902844694,1.23704019274505,0.462092268930569,2.09048838327501,0.765023489205641,1.42535325725923,0.848261260744507,0.227538119087112,0.117981819434801,0.429925778176529,0.23914786605798,0,0.91731017479808,0.318084291006053,0.050858232717854,0.263486300555941,0
"NWHI","French Frigate","Forereef","2013-15",22,49.8724060952882,11.1053264559988,18.1786198387859,11.116805051382,98.0690491872906,13.7715374867259,33.7148908384965,47.5344451669584,21.4361371588136,1.72275415615437,2.39170914036215,9.89875786976109,22.078969456804,9.53216296693031,0.530738557741654,0,0.971872812641332,0,5523.656,"NWHI","French Frigate","Forereef","2013-15",22,10.8863524674725,3.07936921135387,3.67136166551871,2.34595646619304,14.9702066033654,2.72249506180255,7.34796907945309,10.7507345549518,0.796521975035089,0.63381225963428,1.21029770152256,3.46040139893916,11.5913231562579,2.45849056819654,0.435117311270346,0,0.459288392159708,0
"MHI","Kauai","Forereef","2013-15",57,3.06931184470511,2.62642150430999,9.88993740979439,7.60424171487412,23.2340803475244,7.61301990492528,13.0801544001157,2.54090604248338,16.1267435456478,0.6508708179318,2.16566812143365,1.09175414348121,0,4.94216833058491,0.57020619473461,0.361371985400057,1.3183293185667,0,18028.824,"MHI","Kauai","Forereef","2013-15",57,1.1527949201046,0.653618637941618,2.06813978631738,1.01475595646496,3.98191819736314,1.21154996380608,2.28451978834057,1.66845473083912,0.48166201875269,0.204325131219278,1.33639286215436,0.692640224298695,0,0.725927858775996,0.247737148604571,0.214087952889124,0.650934707206425,0
"NWHI","Kure","Forereef","2013-15",8,34.4280922009546,3.9627505793859,56.928907961493,14.5069888459392,115.151440294885,24.188872680977,58.241675698672,32.7208919152365,18.3250500947517,6.22129142255948,9.00332060333013,0.218878162565292,27.3458492494623,10.0348929100841,0,0,0,0,1660.086,"NWHI","Kure","Forereef","2013-15",8,9.19074742951102,0.547026565499901,7.69336158358602,2.71422850524977,10.3911106770377,5.11427196469348,3.8105092659843,8.68633672599201,0.369316189772552,2.37834372996566,0.986110084973007,0.132651707222365,8.26482372589742,3.44342101827409,0,0,0,0
"MHI","Lanai","Forereef","2013-15",44,4.93208543811725,8.39957062641083,12.719320919128,7.27049532359589,35.2196818469398,10.6703939841449,20.7218986067728,2.934230484096,15.7381907265919,1.90060016097258,1.53869239319773,0.468083702079603,0,8.21440508901613,3.08545478708603,0.222302774112601,1.78973040355083,0,3245.607,"MHI","Lanai","Forereef","2013-15",44,1.52520044959414,2.40708167268217,2.21434184436031,1.08020689972021,6.16672887843954,1.062672402522,4.77902338074248,1.2696421766412,0.523705899086196,0.407274087844679,0.784405844607428,0.372729928176971,0,1.41675356921564,1.01111975596238,0.104076944463409,1.77002545516297,0
"NWHI","Laysan","Forereef","2013-15",8,32.8608033175853,0.94380145546318,4.79039855161578,7.71252539865618,46.3075287233205,6.60470104944675,6.99858636742097,32.7042413064528,19.8377994266652,1.33414391310989,0.2257086917368,10.7988415440319,0,2.67493946896892,0,0,0,0,9094.76,"NWHI","Laysan","Forereef","2013-15",8,7.08107946029931,0.53132534715477,2.56356744605287,0.720189031312896,6.02732838432972,2.41825696695136,1.65556969014043,7.25642206649386,2.31480683930758,1.03782673482292,0.166386336237144,10.5838000779281,0,1.26075653560614,0,0,0,0
"NWHI","Lisianski","Forereef","2013-15",46,147.830277755279,2.21904506028262,19.6659433319147,7.80172769716695,189.134841463874,15.6268392002113,17.0892545396366,143.853668399808,19.6364050630963,8.98426766951784,1.38826646692838,232.093421484668,13.9137896388622,6.07231211779694,0,0,0.0503946605160737,0,29733.979,"NWHI","Lisianski","Forereef","2013-15",46,28.2538494877284,0.341175013099247,2.44933142697957,0.919316640707717,31.7180800022074,1.5215776347665,2.35610521458086,28.1738287615117,0.87613003860263,0.755578610894053,0.375227785229863,105.160217044748,3.91490874330347,1.20052932057373,0,0,0.0503759428142891,0
"NWHI","Maro","Forereef","2013-15",17,38.6525525982222,11.8869086418045,14.4659846481052,8.88965200918236,88.4677192556254,15.5209392432758,35.9329460100637,36.3395303631636,20.8265548073825,5.22278618980744,2.23636139599428,3.19369334683968,30.5748814785646,6.02948450130658,0,0,0,0,67465.44,"NWHI","Maro","Forereef","2013-15",17,21.1689270974891,8.86729239356163,5.07843381116406,2.20832952616406,24.5987528598719,8.48008947517999,17.6687679103876,20.5355420901128,3.57137552572431,1.97666545483569,0.678228018969905,1.38067618375295,20.7800656788948,2.49580510206063,0,0,0,0
"MHI","Maui","Forereef","2013-15",63,4.1579647609542,5.64882425092508,12.9710456454279,7.9001469334533,38.2964367019322,12.8935345676164,15.5034858088968,9.82725320160333,15.4963355064103,1.12772723072098,1.0769222700764,0.788678558105591,0,9.2481927103574,1.29294707427934,0.0992110139171929,0.312503110682417,0,6423.531,"MHI","Maui","Forereef","2013-15",63,1.02979647198583,1.52921571086972,1.45027927734337,0.821646553594987,8.68206257733772,1.35684448335784,2.20137996343041,8.07850629979468,0.262479512918978,0.257537565007884,0.437349986883638,0.428001103397296,0,1.05485717466158,0.312414524942555,0.0650576676492251,0.172365504077882,0
"NWHI","Midway","Forereef","2013-15",42,76.5287446526226,12.6323757816656,47.3713613489935,18.532218485246,171.812379667005,21.8474986030769,61.9324612785309,74.588060184937,19.5097071593281,3.35611031880563,10.4275788238542,27.078188307258,31.3716959554572,27.5771854308482,0,0,0.594906976799358,0,3413.664,"NWHI","Midway","Forereef","2013-15",42,16.0472056697135,2.12469419065489,4.03852352740593,1.9584335475533,20.7235251402341,2.04413711445523,5.32862265322825,16.0433602103554,0.671222512117411,0.597384546100785,0.974920671002159,11.115512685741,8.85540369877811,5.89138924469916,0,0,0.594221681979536,0
"MHI","Molokai","Forereef","2013-15",87,4.4219302629112,5.62874612952828,17.3663753148181,8.73935673806502,49.6329807869748,13.5464702796587,21.5312314321671,9.97183536129979,16.5476174695079,1.33108112361845,2.1856767718295,7.87060696463517,0,11.618790232368,1.332494870534,0.480614358614924,1.30749315601252,0,11315.558,"MHI","Molokai","Forereef","2013-15",87,0.81962796486115,1.46850521713625,2.77621590169999,0.883563678233286,9.1880045212229,1.31239596636385,3.08284520084475,7.33643225014748,0.424013635879888,0.193344900621493,0.962074348010525,6.92212901699674,0,1.66344076720723,0.302020029499065,0.23216681556534,0.67924805283485,0
"MHI","Niihau","Forereef","2013-15",75,17.0481239991817,5.5171712963717,25.3132868789247,12.8930190718603,64.5927149533128,11.0661293230269,38.8670037960587,13.0137304497057,20.6831806991988,1.66336974318112,4.31178373153259,5.01519513944219,2.72072363148142,16.5732155799173,3.14373003598396,0.805048904748836,4.4141889258285,0,9093.272,"MHI","Niihau","Forereef","2013-15",75,2.80737870974115,1.30021883374749,2.89138619056585,1.43922165232421,5.92811999908043,1.40434557778102,3.7802786401707,2.89723678125237,0.519647714548659,0.523860161819109,0.775910553478056,1.40832801682685,1.87235274236371,2.41502281646734,0.756951604974688,0.263274840310878,1.50183648029188,0
"MHI","Oahu","Forereef","2013-15",97,0.991921846807415,2.11417822386421,6.45947842399214,5.58823230481989,15.2735293335931,7.80033284741848,6.6865600419897,0.786636444184894,15.0517059871986,0.577466424731112,0.483573389739312,0.523864119822878,0,4.761996604702,0.157556682793459,0.0148369985212575,0.132718917530384,0,21809.849,"MHI","Oahu","Forereef","2013-15",97,0.206966218448976,0.385438829183904,0.851841226562782,0.45045130881934,1.3401232179485,0.587756057030318,1.04325922719707,0.532686266622604,0.298016450628071,0.141011571137263,0.247464788197822,0.263327912631339,0,0.691762599249436,0.0588185956722028,0.0123662895177669,0.0728843580808131,0
"NWHI","Pearl & Hermes","Forereef","2013-15",21,170.894674127365,16.1519467358041,25.4434848243235,14.1391844455853,227.456179446678,26.3226743866575,35.3264599316101,166.511312404594,18.4939973912992,5.44267487806168,2.18451801459222,182.470588013563,23.2017270295073,27.3924069431324,0,0,0.167205434445616,0,8022.707,"NWHI","Pearl & Hermes","Forereef","2013-15",21,37.0075014928218,3.45796493871392,4.97556075968241,1.81806997038215,39.6316443166136,3.19896263074785,7.59726254499605,36.7248913374966,1.03592374650005,1.11586302897258,0.5413804303655,58.857137764436,9.92606585146051,14.9363418252718,0,0,0.167150516507506,0
"NWHI","French Frigate","Lagoon","2013-15",2,0.0235934117060636,0,0.18841379610605,1.02272204616578,1.23472925397789,1.23472925397789,0,0,10.8728070175439,0,0,0,0,0.106563443908661,0,0,0,0,1752.89,"NWHI","French Frigate","Lagoon","2013-15",2,0.0235900465356292,0,0.059943793022651,0.246237705927424,0.282591452414445,0.282591452414445,0,0,0.293817735396406,0,0,0,0,0.0081980638457057,0,0,0,0
"NWHI","French Frigate","Protected Slope","2013-15",9,203.175661822198,9.90441311568532,6.89686205007391,10.8940522346698,245.058390637963,15.3573053685078,29.8350257729182,199.738602301666,24.8458243179422,3.15743303905691,0.130607552922495,698.152974076602,34.5185793661531,3.34552115797403,0,0,1.38451476664468,0,21667.34,"NWHI","French Frigate","Protected Slope","2013-15",9,103.632261175146,8.69590841882817,2.86937196445832,6.47494958219767,123.149085452793,9.17717731879322,22.1049032722478,102.535461760688,2.26973600979577,1.68113632776773,0.0809780793010258,478.999445708004,34.2033128262672,1.52280714590769,0,0,1.31179732305267,0
"MHI","Hawaii","Forereef","2016",59,4.21789628244241,4.475666517667,18.1836509442446,9.01559654543076,37.8162123145159,17.0619409197522,17.8052836786087,0.707160901316144,14.8900445329981,1.39990773306973,0.468126311445161,0.598741218455004,0,15.0986728396835,1.60794257721144,0.215801204779397,2.90951186453009,8.75777253854518e-06,10264.466,"MHI","Hawaii","Forereef","2016",59,0.751952885490687,0.61383248414612,1.61012871391493,1.11320566753059,3.19058770080756,1.05222014411241,2.1597899247557,0.250075045303257,0.32398362578449,0.307237643945957,0.181204364038184,0.216168096035732,0,1.75465466034676,0.335317409612852,0.112682461348808,2.42888007959347,8.7493024787145e-06
"NWHI","French Frigate","Forereef","2016",22,99.496912851903,7.69821017811111,14.6318395638883,11.3808662411077,141.903470825169,11.4154801129214,25.7152642404718,96.9291920260236,22.1903401886941,1.64090254892662,0.402971295728414,99.2357537747066,74.2703182054254,4.16476632850308,0.119669245946845,0,0.732838745407753,0,5523.656,"NWHI","French Frigate","Forereef","2016",22,33.8993380626087,3.36179937695281,4.42057482175327,3.71862453200517,35.4050647936583,2.10952015060377,7.60656465683899,31.9829355247949,1.25423988346,0.530144834151393,0.235631922232776,68.6831008151805,46.664720063219,0.942758254093383,0.119603063144293,0,0.390149707396554,0
"MHI","Kahoolawe","Forereef","2016",24,11.0172577823389,12.070244562779,15.9427090052966,12.4374748982662,55.6111976253284,19.3292119265852,31.2408088218133,2.73723395648344,16.4995197800759,1.61243419784899,2.61585398289806,5.59158219109982,0,9.04071517334586,5.55037183600685,1.27136269932448,5.46174430822203,0.000179168754092803,1863.017,"MHI","Kahoolawe","Forereef","2016",24,2.18962060570399,2.65078890013278,2.51597396193245,2.64840043182197,8.85313366040224,2.6062120941402,5.18393381109165,1.45246667627939,0.596027659958074,0.349503376037026,1.11085324008046,2.74366235500307,0,1.4172477764195,1.38365889179264,0.30847404322895,2.72038550854196,0.000178947490270735
"MHI","Kauai","Forereef","2016",30,10.2329221414712,1.93131567159149,9.18891191206549,7.81200028094041,29.3981806733027,7.59907257454444,12.5223027237068,9.27680537505148,16.3971285461395,0.321969665919005,0.181811385922612,8.3111892018497,0,7.4988947711167,0.118636863375352,0.394668087959093,1.790947635083,0,18028.824,"MHI","Kauai","Forereef","2016",30,5.71083669951733,0.492424777739463,2.37797039325476,1.58179722494906,8.19054039687762,1.02040150700285,3.45573281163188,5.65361560104464,0.722477618246803,0.201987934964886,0.0780755265279741,6.010416891181,0,2.05560918805462,0.0785357157349873,0.239341248271929,0.857151011575499,0
"NWHI","Kure","Forereef","2016",39,64.5568932459877,3.97435842328052,25.6966554314717,13.7349865238621,112.976522550725,12.9949299061998,33.1172316416767,62.5170370585002,18.7073700043182,2.26096674585316,6.72452450991673,27.033238536608,36.2419579154635,9.96624181439468,0,0,0,0,1660.086,"NWHI","Kure","Forereef","2016",39,13.3523027881268,1.37850664092424,3.39265203681661,1.40017155693674,15.7028401390878,1.32831585219484,4.32298118192953,13.2653096831271,0.570913776046302,0.301283422532788,1.14494557623361,14.7659809564338,7.71307911911257,1.4694556842023,0,0,0,0
"MHI","Lanai","Forereef","2016",26,10.4454114484687,9.15737106569847,16.5069384392057,6.96671181869094,43.5526232866298,17.2357677885514,24.2060902956492,0.973560981397747,16.1979640602582,3.95949259414291,0.764229964697167,6.08858778052816,0,10.303813255591,3.96548048522341,0.752199725194013,0.124465736167656,3.92967960144136e-05,3245.607,"MHI","Lanai","Forereef","2016",26,4.8732300874534,1.9328026683567,2.09589318497315,1.3674862926751,6.38479196486129,1.75762947660776,5.6546556183366,0.859321999541922,0.872831011067312,0.633019190775082,0.436692669434189,4.53970873676651,0,1.50635318968519,0.711841392480412,0.401317549454982,0.124264559855094,3.92332798632134e-05
"NWHI","Lisianski","Forereef","2016",40,98.1311057598024,1.94352851332712,14.4298234780989,7.78473617726236,123.506569120423,10.7930118722766,18.994236750047,92.4824799492289,20.238547579244,6.27772610369491,1.90705640781984,81.3372396971868,12.9473236887727,4.99533556418247,0,0,0.00823299394428328,0,29733.979,"NWHI","Lisianski","Forereef","2016",40,20.4486120880546,0.228454547359661,1.62865399663557,1.18952878087531,20.4455639243835,0.752451952867095,2.99622902110927,20.510230090261,0.746557136878916,0.583347996219191,0.717143058535752,21.8407610997711,5.44984604670038,0.914378118741327,0,0,0.00823198426752145,0
"MHI","Maui","Forereef","2016",27,5.17531775068674,6.07566498148961,16.1151981941815,7.36980159351433,36.5324953665481,13.1364714830689,20.7026125306245,1.54100920271288,16.7526724006366,0.859984108081832,2.60896990730689,4.9703349013875,0,10.795803130949,0.846978692630952,0.28921329317086,0.395699196632554,0,4985.969,"MHI","Maui","Forereef","2016",27,2.84131292630945,0.650507527076127,3.74368778825966,1.35026685520508,2.65709124985934,2.11499315401656,2.00392923651427,0.504507188800242,0.899452093023633,0.351182936468026,0.772295181569772,3.21186900216072,0,2.39361041363553,0.347170546193615,0.0614587407662924,0.20384395200398,0
"MHI","Molokai","Forereef","2016",21,6.16278439419407,6.15745972240435,12.6304174924775,9.72089451757149,41.8108491014002,15.9844953661253,23.2075948260106,1.73974326160211,16.6094198032467,1.44222423934966,0.631444313903172,1.03154931863417,0,9.29048547491989,2.86904616533154,0.284216954300852,3.57886552464605,0,8723.106,"MHI","Molokai","Forereef","2016",21,1.16038509486692,3.61769795371065,2.71664469168,2.18324117034729,11.6773256335547,3.40495648232488,7.6530620211562,0.59343969516921,0.59097099236303,0.390763136896386,0.346307433505782,0.425771017383246,0,2.01066322155883,0.964456569839344,0.0837618378613018,2.30665821134301,0
"MHI","Niihau","Forereef","2016",12,6.87020260137616,5.83022609002226,28.6316631924311,9.40448119694579,50.7365730807753,14.0606026117168,33.9394833839442,2.73648708511438,16.983598189138,0.862707310000553,2.88162824189086,2.29562444516706,0,17.4327278368018,2.45241964096292,1.25774356251179,1.27846711915605,0,5899.693,"MHI","Niihau","Forereef","2016",12,1.40140758457912,2.25974454013707,7.16617372224662,1.92267381230603,11.4465058279654,3.35334922169757,7.4920565959671,1.35310878593838,0.379684434968699,0.382941092516989,1.66107299374559,1.50429456365058,0,3.11034212902899,0.3675735228213,0.666878568031197,0.405012333546747,0
"MHI","Oahu","Forereef","2016",52,1.95708925294676,2.31266966018169,8.39711451527274,5.77748804578542,19.9577014481114,7.52968765937649,9.94108215850502,0.689773204985799,16.0395510749832,0.798144577807595,0.0774814291657935,0.416675578170337,0,7.13554482453575,0.40204656512088,0.0235281526021465,1.32502301765577,0,19614.006,"MHI","Oahu","Forereef","2016",52,0.53094536660263,0.923907584287522,1.23591666691638,0.883180396211947,3.34699942460503,0.933420854757619,1.75364289700345,0.394973093816439,0.451596283649776,0.232175367871038,0.0689296259061056,0.168461523402128,0,1.11858658123782,0.263107167370388,0.0167614106413423,1.31287498991431,0
"NWHI","Pearl & Hermes","Forereef","2016",51,103.634282544574,7.1986931049263,14.0080390365457,10.1564642632336,138.315815449873,14.1404602648208,21.7622813007122,101.181265905641,19.1071692415509,4.09104662595722,2.44524637655302,85.1619883275756,12.9189499421294,4.90436440482693,0,0,1.40986073963865,0,8022.707,"NWHI","Pearl & Hermes","Forereef","2016",51,15.2896560055713,1.80014947205724,1.70479836617932,1.18522359262133,17.5230213674663,1.14873688224551,3.3330151206106,15.4534653074475,0.775771610701323,0.807748248736697,0.591061580220102,20.7748769595842,5.10601679663409,0.733990089804961,0,0,1.40842474887466,0
"NWHI","French Frigate","Lagoon","2016",6,77.8875364769316,0.850279895800197,12.2550343890889,2.25989400154958,93.2527447633704,9.33219230573107,7.71336229884407,76.2071901587952,21.1029321264238,5.42478461812844,0,64.064253618004,0,5.79880910568179,0,0,0,0,13317.505,"NWHI","French Frigate","Lagoon","2016",6,54.3871290462172,0.6773359520096,7.69268687104895,1.00354543072399,49.0464988556949,3.87323028372346,6.48212886937983,55.1423074474774,5.18029601687565,2.67557643051529,0,60.2098204953784,0,5.61279571998123,0,0,0,0
"NWHI","Pearl & Hermes","Lagoon","2016",5,14.5114805263751,1.12255872811872,2.71869793777086,3.72717690715413,22.0799140994188,6.14695319205259,3.65477464974316,12.2781862576231,13.8689483727006,0.864108462400131,0.374086324020528,3.31209798806516,0,0.849386372992553,0,0,0,0,12290.999,"NWHI","Pearl & Hermes","Lagoon","2016",5,9.12883035374761,0.334755266398985,1.11716824183337,0.96178405548657,10.8361702514197,1.45333118934504,1.52113831777506,7.9554212764228,1.60167903190514,0.437099428888651,0.374051501144457,3.31178967212211,0,0.515924536235418,0,0,0,0
"NWHI","French Frigate","Protected Slope","2016",19,26.094717566695,2.80317937231584,11.8076203448668,8.54475839274341,49.5037941465963,12.9049819009002,13.8617601508259,22.7370520948702,18.1170516311943,3.83143269847385,1.40692378770845,1.87033290104077,1.91061665255887,5.43186972651542,0.225622535304597,0,1.16758163297784,0,21667.34,"NWHI","French Frigate","Protected Slope","2016",19,5.40213535864155,0.698661503820284,2.62891544012769,2.05535467414737,5.66821284420425,1.69306685057052,2.74896060084855,4.59775122861006,1.51156256256929,0.727072367763307,0.881552346675684,1.0496058655651,1.91049172306864,1.27089416374333,0.22560778252398,0,0.431974162188262,0
"NWHI","French Frigate","Forereef","2017",19,80.9369564490986,13.7548218526488,14.3486821138029,6.55475704833771,121.436713857974,10.4923159890633,25.9367068142109,79.1460094206589,21.8342160962254,2.41178480048692,1.38907167728286,510.123311876202,24.9646640909712,8.4376076042,0,0,0.244424985242949,0,5523.656,"NWHI","French Frigate","Forereef","2017",19,32.6287225654446,3.39121218747742,3.24127675857223,1.13269148891992,36.1614208279184,1.7324485517619,5.37634768977872,32.4839834808108,1.56795824623165,0.449971833329783,0.495786460400066,474.951533163414,12.9374905922231,3.35003544509996,0,0,0.113634910443505,0
"NWHI","Kure","Forereef","2017",6,57.0631677759165,3.8120520182056,11.2545769997364,10.9342854096132,83.0640822034718,10.1450156700541,21.210851887716,51.7082146457016,18.4514101543815,0.976337376715561,2.04436944914856,14.6727687922637,40.9084571571493,6.48584584055043,0,0,0,0,1660.086,"NWHI","Kure","Forereef","2017",6,26.0290970481396,2.53896037974279,2.73737734715241,2.56213179290029,25.7212063086499,3.98568908763521,5.06786228218594,21.6076398849292,0.681726739636326,0.468095730362686,1.58370626581528,11.3251145880048,15.1621664039713,1.15819307956756,0,0,0,0
"NWHI","Laysan","Forereef","2017",11,12.3350000905342,0.409146129647557,2.72256315517823,5.93957432432242,21.4062836996824,3.85789529849448,6.66419498145853,10.8841934197294,19.5916752038909,0.355271436548111,0.0996692811719251,1.34406359427416,0,2.08547440342803,0,0,0,0,9094.76,"NWHI","Laysan","Forereef","2017",11,6.0699509061009,0.265645479997492,1.36562343994441,0.382479739461363,7.63971230624867,1.86610919832751,1.38408392186961,6.23740540919767,2.39215383149589,0.252884946050733,0.0289118565213205,0.602265630619884,0,1.0136775620749,0,0,0,0
"NWHI","Lisianski","Forereef","2017",17,116.992261849463,2.47886065034053,12.8518298189503,6.77941713611941,149.026737552206,10.5636781853015,17.8778828848562,109.975179596184,21.3058219869779,4.8251648943498,0.788386659645818,208.536392103397,20.7722218090307,5.81429083554175,0,0,0,0,29733.979,"NWHI","Lisianski","Forereef","2017",17,50.4043947190604,1.04640765872358,1.87514494241095,2.29817551303451,58.4827379625675,1.0556611891941,5.25469002176984,50.9383979947878,2.05193875542387,0.810513383273668,0.313286218619222,172.266647420217,10.3081374998996,1.54429747207269,0,0,0,0
"NWHI","Midway","Forereef","2017",10,80.2949362318253,12.7913521685526,29.8066650706875,12.5983091647977,154.118161986279,14.4681865956079,43.3550315805778,83.3093265722968,20.5948641144854,2.90048148812974,5.66527560446233,6.21525588501094,60.39144317144,27.9221922445664,0,0,0,0,3413.664,"NWHI","Midway","Forereef","2017",10,41.8792518111708,8.77555556847959,6.28526698106873,2.60898121219107,38.2464116624735,3.92400025601047,7.52767070964508,42.0288153278616,1.79279059492655,2.20674206557726,1.0011981555514,6.09535651984501,42.6990833349072,16.9972820360449,0,0,0,0
"NWHI","Pearl & Hermes","Forereef","2017",20,224.900361016522,8.72312044281723,7.72356430210202,9.58543453234078,267.479065482581,15.9325959050435,12.2114363989649,221.452305446924,21.7709422642455,1.24618139199518,0.668274345111837,305.487133855239,17.3666052300405,4.11995575026083,0,0,0.332440389459988,0,8022.707,"NWHI","Pearl & Hermes","Forereef","2017",20,41.8441185401192,2.3738961767309,0.930895885530898,1.64207036974007,45.8556358567965,2.47462227575069,1.91346855437778,41.534025179925,1.6117584857772,0.279054468003057,0.292267440696175,98.2686712089123,8.61117537222085,0.61077468596168,0,0,0.332320279938454,0
"NWHI","French Frigate","Protected Slope","2017",8,60.3633397402084,1.83392730267532,10.782164049076,12.6873895605311,87.1752822094644,12.4937838999553,13.5296359048349,59.5180546410872,18.8159501670214,3.32699065908082,0.230543754150282,20.4134974059956,0,6.56805844475396,0,0.0505261729630598,1.42932206378328,0,21667.34,"NWHI","French Frigate","Protected Slope","2017",8,21.477730512823,0.673504715053215,1.66524961882535,5.94134186093407,20.5570081568279,1.51275221090682,6.87053416569383,21.4888912572853,1.83667270820545,0.92053844808033,0.145510275435594,20.4094939979744,0,1.34109690913006,0,0.050516263985578,0.630231365268439,0
"MHI","Hawaii","Forereef","2019",73,5.28438121733306,6.63946597611237,16.1588097382674,10.3262376612116,38.5529225143973,14.1977003380228,23.2887650338069,1.06645714256755,16.9741866631795,1.1729471460401,1.5941415327909,1.77183580521707,0.148062274043517,11.4013970903484,1.97169888193186,1.17243207236618,1.39481095129738,0,12837.092,"MHI","Hawaii","Forereef","2019",73,0.663347577369653,0.918274541895924,1.20563214395768,0.81224866714128,2.30498287278298,0.7284337345235,2.04611407942737,0.344390733467627,0.251150982288826,0.206945123898884,0.39424011637405,0.495950633546468,0.147879274094656,0.904851142408601,0.301385801199042,0.408344718786087,0.23812954573527,0
"MHI","Kahoolawe","Forereef","2019",20,19.64846230865,14.0710677706574,15.1740493671346,10.1124776399489,59.8380048721583,15.6045487040986,31.6606435127132,12.5728126553464,19.7698868091391,1.26628973334807,1.23342153662166,5.14876494452297,0,10.174034192372,3.20807752339421,0.956568162186707,0.585772268996218,0,1863.017,"MHI","Kahoolawe","Forereef","2019",20,5.58088664188678,3.46463613335202,1.75487359701479,1.28027804208799,9.90133900312796,3.31708314965881,3.94340492547737,5.02844417595574,1.08609214434769,0.386900402144462,0.355301971860075,2.22340773333408,0,1.14950572562745,0.835599917813971,0.303430780870309,0.280087434917588,0
"MHI","Kauai","Forereef","2019",22,3.7881686018212,2.26633061179652,7.51467825494495,9.23619797299716,22.8053754415598,10.1020325111968,11.6198566368071,0.850106235577862,16.5663295695031,0.121826311384214,0.0768576714050347,1.25439288689834,0,5.86671020879365,0.956580431471149,0.375529600374755,3.56171019995277,0,18028.824,"MHI","Kauai","Forereef","2019",22,1.21520211130806,0.536521503939572,1.71816488661706,2.2518688729432,3.84775989699921,2.42880413647895,2.44892005923323,0.586696153587221,0.461809317055942,0.0805570415064574,0.0768376370717502,0.607544701435445,0,1.49836778445029,0.509880333071993,0.193590240529543,1.82815483384306,0
"MHI","Lanai","Forereef","2019",25,5.76554346763052,10.4997244332753,8.85109299094683,5.11909927457251,31.8468969033572,13.9596082607511,16.1050465891388,1.78224205346735,15.7161852756838,1.41540193788475,0.415037305635567,3.58025534300245,0.879753957967484,5.58058907764619,2.18596364479096,0.673531996408661,0.728639686771197,0,2296.426,"MHI","Lanai","Forereef","2019",25,1.28077986664697,4.07158459119544,1.26809912751869,0.95386655865558,6.28283387661912,2.28571680920003,4.3411861743163,0.901316906564384,0.594821913831124,0.428970253100865,0.197231622838786,2.657184563348,0.878331995082959,0.789878484668884,0.357456752073071,0.190230408329637,0.513638321502107,0
"MHI","Maui","Forereef","2019",41,7.74493139092423,6.78480737982406,15.4086426696874,15.1740265786578,52.4292576527872,15.2981574093386,25.0385979828347,5.19579873035802,16.9598869689361,0.502332078332645,2.55229085082126,0.998118163891237,0,11.316328813697,1.62335461089256,0.211489898491272,12.7703388190371,0,6843.882,"MHI","Maui","Forereef","2019",41,2.56235437338192,2.29531238996178,1.74021840334338,1.98237255590207,5.39047205211235,1.72820038987727,3.2149916939055,2.79931621942491,0.482886210093148,0.171976846340074,0.861944268506609,0.641293669301763,0,1.38245389935162,0.482494586873851,0.0856609483086016,8.43189719228558,0
"MHI","Molokai","Forereef","2019",40,3.42232302749597,2.57224178362264,12.436645204707,6.6162944402868,25.0475044561124,6.93873533687222,16.7636871967299,1.34508192251035,18.2596426737709,0.976652044290548,1.17914640200375,1.86785036084036,0,9.48456275289827,0.799749062248694,0.441058344007691,1.29013950306283,0,8380.475,"MHI","Molokai","Forereef","2019",40,0.90877468936821,0.733781584452388,2.08516711635485,0.559381916093496,3.05412792315385,0.949686244072129,2.4448405852395,0.909837392717844,0.648601943255887,0.26567664272233,0.30533934881152,0.907467893320711,0,1.70297625914379,0.229870145773119,0.198496764624469,0.32364476045672,0
"MHI","Niihau","Forereef","2019",14,17.4076240265562,7.27521649610688,21.2262648564467,21.2179578720226,70.9589739252037,23.0938284480454,35.0839847168393,11.4214677137906,18.0505173018727,2.10033431453189,5.08816979183892,1.71192263473713,0.530791091999851,8.87837344055767,4.13994761697568,0.649151767773601,5.28355945144381,0,6919.074,"MHI","Niihau","Forereef","2019",14,4.46400134521111,3.98612810276596,7.67117941472761,2.34440038825003,16.0917682487993,5.09920414239684,10.3257092436921,4.40971992487906,0.760306330441543,1.47658728255696,2.29653046631188,0.615594089748517,0.530268637070085,1.45522204592643,0.814550145030128,0.223924275969374,1.3211701535719,0
"MHI","Oahu","Forereef","2019",58,2.17641717924421,3.79370462754518,8.89826204882824,5.50192758876889,20.4321059006228,10.359805383045,9.02719910592371,0.663831613708512,14.9262575761402,0.41060807626856,0.737742757292619,1.10435330564692,0,6.36560789484499,0.404258141984018,0.104500700290879,0.100097882591547,0,22901.073,"MHI","Oahu","Forereef","2019",58,0.750289163940254,1.16399191714873,1.63884512214042,0.786207474983573,3.4256466548226,1.7297613742425,1.77154478472131,0.329951542930257,0.285586282179982,0.157917917178509,0.377272020343574,0.373585610871959,0,1.29896638709894,0.220166586993063,0.0710959721360291,0.0581712915042323,0
"NWHI","Kure","Backreef","2024",2,2.4932516645775,1.33304860305169,22.6402043037248,18.4277278631456,44.8942324344996,10.2452071113373,34.6490253231623,0,15.2308245445829,1.44195658056691,10,1.12069656014275,0,8.35549128620089,0,0,0,0,609.39,"NWHI","Kure","Backreef","2024",2,2.42861049041881,0.129458955407052,22.1464823862741,16.5148773690533,41.2194292011533,6.58462142978775,34.6348077713655,0,2.58690547977447,1.44136490180591,9.99589669502556,1.12023670416575,0,8.28458731864649,0,0,0,0
"MHI","Hawaii","Forereef","2024",47,4.74562980995393,6.44313436017849,20.0784926912598,12.3987085861772,47.0906788221338,15.6402734575893,27.7668220986018,1.93555455281606,16.4616676553781,0.850538696511432,2.40584567112318,1.22206670823151,0,14.3786638494291,2.49297073772055,0.977172919162947,4.73056927774691,0,12837.092,"MHI","Hawaii","Forereef","2024",47,0.686384819539609,1.4853632737683,2.39419849546576,1.6363083557772,5.25166164874273,1.46416746914027,3.82365796736229,1.29562135985288,0.325619626351898,0.22299775038304,0.625777364078204,0.395318843148401,0,1.90062397237581,0.396853129656674,0.475861850195611,2.25202161899305,0
"NWHI","French Frigate","Forereef","2024",36,118.398456423458,6.95661775592257,20.753605836835,11.6333626308541,179.912151878826,13.5049200229885,31.1579330041825,119.438497338796,21.1780299805667,2.421292179629,4.16604732110113,52.9972886819813,109.289149840135,10.6938297633183,1.60086816174206,0,2.93967834405678,0,5523.656,"NWHI","French Frigate","Forereef","2024",36,23.5179251318793,1.76704373660404,2.89700278819204,1.67698448033702,27.5347806753589,1.93776085317631,4.53294376417392,23.5244772137337,0.945083340167483,0.623187891222426,1.00316720909269,25.8756694981434,41.6503794973945,1.96383133240449,0.722759411225613,0,1.82238756415274,0
"MHI","Kahoolawe","Forereef","2024",23,15.4251490299282,7.43898747232316,25.0383925420666,16.6669990970339,68.5128828144155,13.7212350974197,43.5759113487826,9.43917229512055,18.6868125749888,2.22724873500092,6.12999876325358,5.14974840449455,0,13.3406691344412,4.45811117113221,3.60054813479324,5.07538337055863,0,1863.017,"MHI","Kahoolawe","Forereef","2024",23,4.77747678867507,1.99059089935469,2.86962708903388,2.96616375729488,9.07448203369759,1.637137128713,5.98480145617856,4.67861305558031,0.505230176854447,0.743848335756912,1.30222325116734,4.11850669936388,0,1.60585307497391,0.837423034415156,1.19706483337745,3.3354320465464,0
"MHI","Kauai","Forereef","2024",15,2.15150521434773,1.09963446834989,8.21212978092696,6.2902954327507,17.7535648963753,7.28863960113406,9.6088456632176,0.856079632023629,15.5740149034244,0.0380620010730574,0.719967797904784,0.287955674931494,0,6.10319101859505,0.724242134803009,0.4123256807773,0.166796480653094,0,14462.586,"MHI","Kauai","Forereef","2024",15,0.914384231283219,0.732539455050296,2.19726626003492,0.90094176797635,2.76958109357898,1.453698973834,2.29416314063507,0.856008832623326,0.948285735141859,0.0380570406240764,0.719873967747966,0.0796530056232258,0,1.57868008798099,0.179241393914845,0.0587340779280406,0.0680808011004788,0
"NWHI","Kure","Forereef","2024",50,122.504668059644,5.26510298992823,32.1096670276462,15.8153429088646,181.473319802332,16.6844401805607,42.5553867247258,117.205402872123,19.3299520587779,2.80943781821035,8.37046624621419,20.1472175937442,122.696697357327,13.9204843125114,0,0,2.55755817174498,0,1660.086,"NWHI","Kure","Forereef","2024",50,18.1082952224202,0.744619207742603,2.25544605761544,1.12546274407217,19.6875222847548,1.27365539632667,2.86279543666592,17.9321578241132,0.387514550796844,0.390563519110518,0.780624662369575,4.96237982052417,29.8141910100585,1.18945239635469,0,0,2.52922202626965,0
"MHI","Lanai","Forereef","2024",18,3.49402488777108,12.4630552224856,17.8157722311794,13.5076401119918,70.1809868913593,18.367215092162,31.8658525604745,3.49352557678253,17.242605533919,3.12003175563649,1.04965399837579,0.715060593345127,0,10.9888301991355,1.35509870942804,0.609671904816429,8.83706495630268,0,1635.661,"MHI","Lanai","Forereef","2024",18,0.969802311019663,2.60432681046982,4.68897684066664,2.40029564976389,23.7137063831,2.75823115700131,7.892740067311,2.63102578778697,0.796617368753621,1.07951844476947,0.559717765284116,0.334744197478682,0,3.6083708873437,0.34877348512344,0.15523462286574,7.61127960049407,0
"NWHI","Laysan","Forereef","2024",10,40.4486661184701,7.40911721237986,15.3078750290349,20.3027629338255,86.2256491154941,11.2667452899243,38.4597269038611,35.5464207810601,24.4374822398855,1.43296461070888,1.66365031569072,9.61506281675052,20.7108447219067,8.6679209431059,0,0,0.390266839482756,0,9013.72,"NWHI","Laysan","Forereef","2024",10,19.8031248205577,6.02492800464796,7.09595161133319,4.71104058100997,27.1710018335276,6.49007699673143,10.8604322018209,21.1817656209921,2.29512608808891,1.20289763875318,0.954015174127445,5.7319364274799,20.105625893578,3.11021403659181,0,0,0.390231681427101,0
"NWHI","Lisianski","Forereef","2024",60,108.75369550003,2.53815950845422,15.2549414860475,6.5709619433015,135.767401181778,13.1218199019076,19.6713671187225,100.654991691591,20.3758203348239,6.14187467085925,1.90029704807296,49.4212586003618,140.867674311528,5.27406864180189,0,0,0,0,29733.979,"NWHI","Lisianski","Forereef","2024",60,14.426652423637,0.46423429834931,1.33405237662953,0.821956736549992,15.4862477794049,0.867004516961202,2.25464538099926,14.655349315235,0.680891814449914,0.635840282292066,0.426078831175781,11.0496540417003,111.301829385863,0.527114347918832,0,0,0,0
"MHI","Maui","Forereef","2024",26,2.13351002020505,5.24970487283329,17.5464551203946,11.6433841399543,40.3140514728708,10.7499946172522,25.3664615355353,2.86038334727481,17.2221440712365,1.22064624282105,1.84327412931071,0.444984746718322,0,9.8570959465463,1.04278247002814,0.212290068200968,1.66874058596255,0,4985.969,"MHI","Maui","Forereef","2024",26,0.565217442957999,1.42054642222463,4.22940155711134,1.60733128025465,6.60254142926218,1.46305406388613,6.00598466182293,1.83534588537907,0.828024365333238,0.313952133341204,0.76338301216894,0.204126056329062,0,2.40071250089887,0.38719082079299,0.127057753714875,0.420512418363864,0
"MHI","Molokai","Forereef","2024",27,7.0626731466943,5.16391845121192,19.6244862157105,12.3390378158662,74.31449243163,15.7998531912826,24.0569522156297,12.816979524294,17.7976011310802,1.98791993557772,2.1085814847244,0.331343521028856,0,21.2458227198888,2.37004544837933,10.6736481488323,3.07618548859015,3.92907179539729e-05,9324.295,"MHI","Molokai","Forereef","2024",27,1.87989049657507,2.42205544589385,5.49520602165528,2.92783726658125,32.8408504151862,3.28973560606146,7.52277025582763,8.34378266005695,0.653192567637215,0.389619124144063,1.40611244840242,0.211742477604937,0,10.9060859097337,0.86459324696979,9.32202702517393,1.80710504110362,3.92686208621823e-05
"MHI","Niihau","Forereef","2024",31,12.6951752695917,4.53574290358704,18.1157296641527,12.5249668163764,48.7833375300458,9.27844286195367,29.9557935549875,9.30787435597233,19.3655547980425,0.521500875245444,3.23498666598653,3.45401462933154,0,12.610764649134,2.45819813180688,0.752040446192208,2.44426439065114,0,9093.272,"MHI","Niihau","Forereef","2024",31,3.40725307807319,1.82323030106137,4.02270376762222,1.93039552224999,7.50430785848865,1.74173260678971,5.34178528229435,3.18165085528457,0.840919427559844,0.334501699310825,1.04779934167405,1.1913554049402,0,3.19335161072767,0.902941888038207,0.24027933188934,0.483842558697899,0
"MHI","Oahu","Forereef","2024",64,0.782058560329869,1.7315745431737,4.5009569631813,4.82453622388656,11.8391262905714,6.30243115779692,5.22478938026102,0.311905752513485,15.0162283285976,0.315790356805965,0.0335835338412695,0.373510165036007,0,3.48353349903386,0.195585665473324,0.030324674639553,0.04157859797416,0,22901.073,"MHI","Oahu","Forereef","2024",64,0.262997631052974,0.555829090470317,0.816608723933672,0.656895983435901,1.71154091871835,0.821743928864225,0.987918639753439,0.188289677117725,0.295499539759635,0.11824406111985,0.0335545393217593,0.207106272052872,0,0.719723078873166,0.102846732561139,0.0303142531028388,0.0313392375745742,0
"NWHI","Pearl & Hermes","Forereef","2024",70,177.813967456611,9.43598804290041,26.0332897250329,12.4889931839141,244.057723191459,20.1628748418797,36.3927823337944,176.209730962871,20.7351064504963,4.09185431179373,5.21772171406581,151.52734864916,124.068140951802,13.3905861869849,0,0,0.320922535029547,0,8022.707,"NWHI","Pearl & Hermes","Forereef","2024",70,17.4352431686377,1.53561778825576,2.48460364810551,1.18054369027468,20.0767670461929,1.42417234175202,3.67060316411648,18.2238063805895,0.670744722646909,0.401898784401693,0.716865155230429,27.0604503691176,51.6192206801673,2.9633838639113,0,0,0.18488129520585,0
"NWHI","French Frigate","Lagoon","2024",5,36.8050406442259,0.121490713646384,18.4194665412037,18.8657144031995,74.2117123022754,2.77575826296449,36.5324365773722,34.9035174619388,28.2422784661317,0.105049034967294,7.47404453002522,1.90152318228714,0,10.3234450507043,0,0,0,0,13317.505,"NWHI","French Frigate","Lagoon","2024",5,18.6426991988296,0.106313356021698,16.9518096518978,12.1933769716919,10.7118434215452,0.785241666554202,30.3784004752602,20.4478416672667,1.57718870839265,0.081852287024909,7.27275214705069,1.8079444869637,0,9.62663497169847,0,0,0,0
"NWHI","Kure","Lagoon","2024",7,15.7032173045615,0.483198794810909,4.4838561519813,5.6407966277566,26.3110688791103,2.20384484375477,8.41342317668025,15.6938008586753,16.5357833952315,0.406949865508158,0.457854918536804,7.91091219458768,4.71475147498403,3.25287546653607,0,0,0,0,742.055,"NWHI","Kure","Lagoon","2024",7,12.9608697658906,0.223512490415813,2.575253864198,3.95934105072496,16.551314073985,0.735485695263755,6.50565383011496,12.960290912613,3.65960214972677,0.30419168828434,0.457472604891583,7.89014097721922,4.70237222903662,1.96662175976274,0,0,0,0
"NWHI","Pearl & Hermes","Lagoon","2024",10,129.090993106484,1.2181790505149,16.4407080509578,8.14211067804444,158.377615280091,12.2676296504726,14.8248271020884,129.829771105524,19.723291672864,4.76326551929806,0.752895307860835,89.8171646624662,32.7530671661654,9.72583353247235,0,0,0,0,12290.999,"NWHI","Pearl & Hermes","Lagoon","2024",10,45.708054345718,0.517847684254481,4.66089865889952,2.49104679181319,47.0588121751372,2.81968267784133,6.67966932032098,45.7460232431344,2.46651243881141,1.53144708706324,0.535233960731553,49.6598063353857,17.2630633094167,4.61538872977409,0,0,0,0
"NWHI","French Frigate","Protected Slope","2024",24,117.216945410664,6.22046572396285,23.1312108789776,20.3298085350026,169.188161285242,19.5208989152561,42.8754548282502,111.56021066528,21.2068257288432,5.72399396769889,2.75160761942855,29.4799500441533,138.396561995618,12.5963021772108,0.029969536563858,0,6.46291882340338,0,21667.34,"NWHI","French Frigate","Protected Slope","2024",24,28.3303572511636,1.98391113377319,3.042348376095,2.85302251585569,31.4354970650153,2.45703827844773,6.30144410975653,28.9082432059376,0.920478072161558,0.96723087248937,0.807675337098524,9.75431410960534,90.2612464322553,2.12656789531576,0.0299658131799491,0,3.00804465813052,0
