"","Mean.REGION","Mean.ISLAND","Mean.SEC_NAME","Mean.ANALYSIS_YEAR","Mean.N","Mean.PISCIVORE","Mean.PLANKTIVORE","Mean.PRIMARY","Mean.SECONDARY","Mean.TotFish","Mean.0_20","Mean.20_50","Mean.50_plus","Mean.MEAN_SIZE","Mean.P10_30","Mean.P30_plus","Mean.Carangidae","Mean.Carcharhinidae","Mean.Acanthuridae","Mean.CEAR","Mean.LUFU","Mean.LUKA","Mean.NEMA","Mean.TOT_AREA_WT","PooledSE.REGION","PooledSE.ISLAND","PooledSE.SEC_NAME","PooledSE.ANALYSIS_YEAR","PooledSE.N","PooledSE.PISCIVORE","PooledSE.PLANKTIVORE","PooledSE.PRIMARY","PooledSE.SECONDARY","PooledSE.TotFish","PooledSE.0_20","PooledSE.20_50","PooledSE.50_plus","PooledSE.MEAN_SIZE","PooledSE.P10_30","PooledSE.P30_plus","PooledSE.Carangidae","PooledSE.Carcharhinidae","PooledSE.Acanthuridae","PooledSE.CEAR","PooledSE.LUFU","PooledSE.LUKA","PooledSE.NEMA"
"1","NWHI","Kure","Kure","2007-09",43,36.9573823845903,4.03529654919122,29.0221213466649,17.8429987232668,97.0907804419549,12.2695799573471,37.3714204858549,39.19599647491,17.8931161660894,3.16099522267603,8.12110522821039,22.6100914454259,12.8361567030047,19.715731901095,0,0,0.00272754368211238,0,2868.521,"NWHI","Kure","Kure","2007-09",43,11.130491817676,0.681929206797343,3.12037874886746,1.78895166227015,15.8820836807644,0.90324151850863,3.76188421498839,11.0485060900354,0.511326323737821,0.67392049470914,0.911459276145316,14.304054193971,4.36024911888033,7.20811560995578,0,0,0.00272241656585495,0
"2","NWHI","Laysan","Laysan","2007-09",14,82.8836915181874,6.75993362731977,9.87705564503045,10.3208826250124,109.927256865519,9.81432496110223,17.7434638492644,82.3694680551519,18.9791309276659,0.507219473886112,0.705493577401709,72.8891776721638,0,7.69695211468584,0,0,0,0,9094.76,"NWHI","Laysan","Laysan","2007-09",14,59.156850468175,5.65888368725389,4.04089536151369,3.10597837654651,68.2227114872422,3.59277383404983,6.8217558772943,59.0369905099461,1.8448332115313,0.280599326316719,0.242030213965252,59.1122681878145,0,3.36727699120365,0,0,0,0
"3","NWHI","Lisianski","Lisianski","2007-09",19,119.653744292377,2.29486421213248,15.0981934749131,8.88600309016059,152.97016638959,12.2562079189436,25.1864863101927,113.066872501114,20.7204073974413,6.96885131069409,2.46038167324429,61.8811185860139,36.3902145826001,4.48690070036969,0,0,0,0,27791.818,"NWHI","Lisianski","Lisianski","2007-09",19,42.8624774639823,0.506377113228017,2.1381533274489,1.92210589601368,46.5565493917864,1.62677806823788,4.44165479402991,42.6636958138785,1.52386743541878,1.31121217064732,0.590023268039168,25.4070172605696,34.2236095076725,0.532535662303654,0,0,0,0
"4","NWHI","Maro","Maro","2007-09",38,68.8156019613505,2.48060598341125,12.7887535039306,5.57911457169567,91.8184859920708,7.44171015572684,15.6245502826049,67.0583308635374,22.9229812830872,2.39438731406189,1.86936898842227,51.3252866925814,34.0678089996949,7.17032612664416,0,0,0,0,68083.16,"NWHI","Maro","Maro","2007-09",38,18.0689965514854,0.731887405890343,1.98960256513307,1.28804718300502,19.1623461431307,1.149914587321,2.53100119241928,17.782983689861,1.94769272941796,0.4446074397599,0.453757542986902,34.7207211080241,14.7637257955219,1.25636700343173,0,0,0,0
"5","NWHI","Midway","Midway","2007-09",34,74.0420615355789,4.75603121072641,33.5715890822282,13.981718978257,135.298716756451,11.5682722434131,41.295602438141,76.1847394102831,21.333206969043,2.38003426152223,10.1866746957348,18.9984214521048,74.8049531426713,16.045853254733,0,0,0,0,3539.191,"NWHI","Midway","Midway","2007-09",34,29.9885931135303,1.21892483157755,5.21090593845336,2.22067975139342,34.6525542605816,1.67291630387392,5.79649362930125,29.5939356132166,1.45597565684005,0.760740960196578,1.61195406054985,15.4478759857988,55.0344229976722,3.46390416494857,0,0,0,0
"6","NWHI","French Frigate","French Frigate","2010-12",50,72.130838909767,3.27881168092339,14.1477743687456,8.80062874155512,99.8908662438041,13.3604576566046,17.7505864720188,68.1764114994409,18.6577855817052,5.10266268964988,1.96226519547741,37.7015502984356,8.11474656503144,5.73430778157595,0.0512759150170644,0,1.18297512399571,0,40508.501,"NWHI","French Frigate","French Frigate","2010-12",50,15.6503967934656,1.33944126909312,1.34649785134816,1.0532040062343,17.3362251227842,1.2092575743679,2.70524256251261,15.6409258290629,0.821130206687033,0.625466846735105,0.566039342788142,17.4793312538476,7.44287871263176,0.555933822355684,0.0312148868798264,0,0.35329777415619,0
"7","MHI","Hawaii","HAW_HAMAKUA","2010-12",11,4.96002763058633,3.24846177052014,16.81081408537,10.7441331473326,35.7634366338091,8.873932758513,24.0390516447767,2.85045223051945,18.9312257273176,0.605323289359587,2.35048602485983,2.87898234168278,0,11.7866640863664,1.23757794204913,0.483322722110245,1.81993640700553,0,4300.146,"MHI","Hawaii","HAW_HAMAKUA","2010-12",11,2.51821375742557,1.10260592698114,3.19244736567179,1.15861626799721,5.71597522002218,1.17476967286426,4.28791113211876,2.42670234216226,0.607683454131593,0.317348234896202,0.541137925819111,2.77997119890453,0,2.53884060158284,0.499615256053505,0.17157624756697,0.594582666919129,0
"8","MHI","Hawaii","HAW_KONA","2010-12",21,3.81164356582414,2.05166979074569,11.9964639566975,3.31693404358194,21.1767113568493,10.4294496569959,10.6465031106058,0.1007585892476,15.0335383688989,1.46448160260671,1.35209140011356,0.00712028254042491,0,8.2464208641846,2.42610594639248,0.0167617013081321,0.0908485260607366,0,5148.568,"MHI","Hawaii","HAW_KONA","2010-12",21,1.03175513768528,0.473384750311752,1.07574888942676,0.451588499614825,2.31127485377468,0.968457039880305,1.70857082804729,0.0696027820547879,0.321680055854716,0.32346691952879,0.4267175844063,0.00711362376841625,0,0.812166920605957,0.818648685368662,0.0167553988779946,0.0430056588891931,0
"9","MHI","Hawaii","HAW_PUNA","2010-12",11,1.5937419223283,1.50386622971779,11.7749228311614,4.92842497396786,19.8009559571753,6.78728378107896,11.9351497918383,1.07852238425807,15.9965462617157,0.520116783266125,2.89816765478656,0,0,7.5455799573928,1.18455205077828,0.0757155121376749,0.434978607281981,0,3009.014,"MHI","Hawaii","HAW_PUNA","2010-12",11,0.574946954250539,0.513357662314474,2.72777312983046,0.701566075041911,3.64249680855929,0.967155201786207,2.14845691401213,0.813482813166542,0.50918663960905,0.269968077624391,1.293691828986,0,0,1.55862411546952,0.547510703632545,0.0535942440965555,0.225153733079324,0
"10","MHI","Kauai","KAU_EAST","2010-12",19,7.39289430300258,6.01349005905857,7.47546598755042,5.92486905342141,26.806719403033,7.04075523698332,15.1792148742457,4.58674929180399,19.2680340629415,0.354760337067515,1.02042574802169,2.49298499371016,0,4.42433104214309,0.877883224435405,0.22783442418975,0.924675887399401,0,11171.327,"MHI","Kauai","KAU_EAST","2010-12",19,1.77869513126543,2.74433104363933,1.89552277842251,1.03271153106438,5.0029605454663,1.88329377847267,3.56879106947921,1.72315524902024,0.998102391602304,0.1929464538005,0.564425496923162,1.93058442805867,0,1.10146572144597,0.365726404303331,0.119061391396068,0.504517115980637,0
"11","MHI","Kauai","KAU_NAPALI","2010-12",6,1.18296450076342,1.32561577505551,5.04610069681359,9.32893364553245,16.883614618165,4.08465668640721,12.7768464715334,0.0221114602243854,16.4679391838114,0.288895700700668,0.641105645165331,0.346586584840341,0,3.84678361719219,0.695127685800825,0.197909275680295,1.63457981060928,0,6452.945,"MHI","Kauai","KAU_NAPALI","2010-12",6,0.565954978043842,0.884022342023717,1.24770671787583,4.68299448416617,5.13646126028642,0.891548358824645,4.36449308057544,0.0221056964749061,1.53411847857067,0.124911878444842,0.427912576770073,0.200094101417694,0,1.07273500581899,0.561439713152032,0.114689613933156,1.46808401102451,0
"12","NWHI","Kure","Kure","2010-12",45,42.0716797570312,3.62004621633837,21.4674806689449,14.3239204931382,83.2675825093504,10.6350989430457,29.6880259777705,42.2300689837216,18.125455119166,1.88003647073949,5.97899233021265,15.1014006894308,22.657175044137,9.12581394142108,0,0,0,0,3011.531,"NWHI","Kure","Kure","2010-12",45,9.3726252713392,0.86378027927039,2.78113347338415,1.73638990184949,11.2427158729506,1.07434609421006,3.39757222421902,9.83000485273166,0.622967172332189,0.32634374957594,1.060971945275,5.62003334594835,7.8112590918066,1.42316831582034,0,0,0,0
"13","MHI","Lanai","LAN_NORTH","2010-12",5,19.0832783898932,8.50419327146874,15.9008739164141,6.11091967520675,49.5992652529827,9.15661324033054,26.4875646994853,13.9550873131669,20.20662765178,3.04727882191433,3.02817972243728,4.13552238074667,0,9.67033682479815,3.57703502298998,0.12633551181819,0,0,949.181,"MHI","Lanai","LAN_NORTH","2010-12",5,13.1377101057396,1.62473403864683,2.60069648347371,1.57671264331728,11.8541144468365,2.79930706130844,3.89430890447925,13.9472660706783,3.78320704428836,1.52887999070838,2.11913316286373,3.36252858009688,0,3.1592813222955,2.00150852414688,0.126222620709105,0,0
"14","MHI","Lanai","LAN_SOUTH","2010-12",39,4.88856483537498,5.61257898430367,12.5501008935117,6.47713673704893,29.5283814502393,11.6653953537559,15.4631574451439,2.39982865133945,16.0318893083045,3.39527950575679,1.30443402387801,0.0928562568457383,0,6.97618559780354,1.61117224750307,0.11226762511401,0.195514943217379,0,1635.661,"MHI","Lanai","LAN_SOUTH","2010-12",39,1.75900073410041,1.10859932536222,1.57386401255775,0.927979268181623,2.78405918861287,1.22576298040851,1.9608486059736,1.56992579788916,0.394675888571445,0.592248258903792,0.575226951160569,0.0592862591374013,0,0.879351899028646,0.365613861431706,0.0463002317876607,0.185053905190741,0
"15","NWHI","Laysan","Laysan","2010-12",23,45.7498146461519,2.3313216476623,5.16994333391096,7.68630132472676,61.0719155823812,5.75154447806088,12.0847307188472,43.2356403854731,21.1946831523379,0.440730131034215,0.362036584910319,14.2442732825047,1.70726303099606,3.39638702828564,0,0,0,0,9094.76,"NWHI","Laysan","Laysan","2010-12",23,10.2363742808589,1.62718543026059,1.35671818737311,1.25308482207996,11.7071518252563,0.979940833326845,2.7087877357208,9.98705088565823,1.44011031423534,0.269752370466535,0.130677825164499,8.93704103337408,1.21746597484838,0.931589091905663,0,0,0,0
"16","NWHI","Lisianski","Lisianski","2010-12",59,153.972238032978,2.29194831853328,17.6000587221029,8.49648835572073,192.025485628884,12.6897601342092,20.781857914661,148.83102062597,22.7714424334945,6.02549556765633,2.98204871209596,312.791169875194,16.9890729278689,7.44678442425906,0,0,0,0,29733.979,"NWHI","Lisianski","Lisianski","2010-12",59,26.3895079933651,0.487256716167819,1.73269451035588,1.68350196871849,29.1223713764898,1.07437025776471,2.59889210671074,25.8058254832249,1.1609884773241,0.694896803629355,0.743147061225919,148.669667157603,8.05555980698844,1.10314850662426,0,0,0,0
"17","MHI","Maui","MAI_HANA","2010-12",5,2.15404118893321,1.53282112016717,18.5112070283669,4.54170570959704,26.7397750470643,7.04705523334327,18.3394666360305,1.35325317769054,17.647304928398,2.62650053142442,4.99687250628104,0,0,9.27984878306962,0,0.0672713544259788,0,0,474.47,"MHI","Maui","MAI_HANA","2010-12",5,1.44053835957382,0.423595940792964,8.75210886819354,0.64941591606801,8.09653486908336,2.35276912239532,7.474099941666,1.35162141733965,1.50972226828344,1.53921831462899,3.5650061404627,0,0,4.10628153941519,0,0.0671682798835923,0,0
"18","MHI","Maui","MAI_KIHEI","2010-12",26,3.60414754940638,3.0273826279798,7.27717353246798,5.2438023032264,19.773821958243,10.2123934254246,8.15844114450065,1.40298738831778,15.3545554488621,2.15690600919809,0.184966143928109,0,0,3.80648118184226,1.10020888082421,0.152775454847821,0,0,1483.337,"MHI","Maui","MAI_KIHEI","2010-12",26,1.33797371965601,1.05448971786464,0.894108047828799,1.19615614633721,2.81761609397443,1.33521602592257,1.78197030915006,1.20814747210806,0.630390851751973,0.511295967488472,0.131922473465094,0,0,0.444968564559889,0.412933750277428,0.152221531423634,0,0
"19","MHI","Maui","MAI_LAHAINA","2010-12",19,1.60456215771874,1.94092184560914,3.07225717032681,3.59470944117528,10.21245061483,5.27497946358626,3.66297508604473,1.27449606519898,15.6493184271333,0.4241190362697,0.0655734229416297,0,0,1.97362859868005,0.0147374292935372,0.03338347030358,0,0,832.926,"MHI","Maui","MAI_LAHAINA","2010-12",19,0.483137707985458,0.914346807410766,0.629678194592644,0.8281346086665,1.57186094259528,0.595246352747933,1.0279949563376,0.520333345964081,0.762311971337599,0.127874312555521,0.0654213423267024,0,0,0.545875409458715,0.0108395194520224,0.0332551896210721,0,0
"20","MHI","Maui","MAI_NE","2010-12",18,2.24158077767175,2.69496616807711,18.3355821183862,8.39144615748271,32.1886007848475,9.9470649699931,22.2415358148544,0,16.9235636527136,1.19173016085259,1.71219400150243,0.131152861781466,0,12.4195278504113,1.37167691473982,0.163401442365076,0.597748225290133,0,2321.596,"MHI","Maui","MAI_NE","2010-12",18,0.700219060738498,0.963724995641152,4.6427147942219,0.689472135841128,5.43314721782659,1.88185467152122,3.81023237236762,0,0.530153414997683,0.507770908194641,0.882847197360865,0.127827676111282,0,2.17894993078809,0.574319152420883,0.0883626051542143,0.175406207615858,0
"21","MHI","Maui","MAI_NW","2010-12",9,2.27339913937243,1.41584372115813,20.6166055370243,9.21291514754317,33.518763545098,10.5473640966724,20.6456653582905,2.32573409013516,15.9129601725955,0.965177307894434,4.52741092899875,0.0552392290519513,0,13.5248738426475,1.18012517109623,0.114595503722638,0.107767958589012,0,807.758,"MHI","Maui","MAI_NW","2010-12",9,1.22527734859017,0.302470637784535,11.7406044697359,1.76876201782621,11.2431182758034,1.28502872389084,7.76664445373683,2.32411178205593,0.941156605602757,0.235707149201489,4.43629896196331,0.0551294678836862,0,7.30369679578464,0.547488822067764,0.0702535894537087,0.107559415826285,0
"22","NWHI","Maro","Maro","2010-12",25,126.787916370362,5.45636787536264,12.7488623724421,7.8553513795861,162.248349755096,10.3399854862361,20.9454339281312,123.506130919566,21.462571694917,3.12103459441572,1.91908472466258,66.8001465624642,36.2036451477009,7.14734423838915,0,0,0,0,68083.16,"NWHI","Maro","Maro","2010-12",25,48.9069768489691,2.07403331478358,2.46438433830365,1.44394987476337,56.8289502080357,1.46034414118666,4.29192019243976,48.3686156340591,2.57365951102932,0.789760253900515,0.70295715292181,62.4685045935208,20.7230848437255,2.14757644562264,0,0,0,0
"23","NWHI","Midway","Midway","2010-12",19,68.0628165239717,7.46205080391104,40.6993178109386,15.915797581172,148.070298355517,18.4584341079279,48.0200472396575,68.8529991091016,19.6048808225249,1.9956438538194,11.1968996588613,21.5094359786785,31.0231790022503,33.7611751410614,0,0,0,0,3539.191,"NWHI","Midway","Midway","2010-12",19,19.1751620616217,2.65423345419324,6.02876749448105,1.87358019059303,28.7362656167815,3.40560958225486,7.36983856095286,19.2623643689254,1.21358993536259,0.50773485552646,1.64708388187495,9.52883547186663,16.4210252357211,11.7880850590229,0,0,0,0
"24","MHI","Molokai","MOL_PALI","2010-12",15,3.53992479638288,5.04052570003701,26.4962814456451,16.0878001703461,59.105397782076,10.479659460836,38.6216524593815,3.56589791089582,18.5984731788793,1.01317219382002,5.94792058959741,0.5763014144583,0,8.09064895153983,1.62092519411235,0.772165320041111,3.83288679357105,0,1915.061,"MHI","Molokai","MOL_PALI","2010-12",15,1.53069341897556,2.8704993291,7.59889724005932,3.03542170272711,16.135438062069,2.39478916418296,10.0640871300784,1.67010645302093,0.76057077823432,0.471643272691479,2.06506031322892,0.380819433284359,0,2.35088319370245,0.774837170783795,0.285878224296161,1.41797585471691,0
"25","MHI","Molokai","MOL_SOUTH","2010-12",23,4.39559719436676,1.7316349107316,10.7179931957915,5.2099727080945,26.6184766807238,13.5875512995444,7.82634817763964,2.29729414025164,13.4251675762449,4.16927591643334,0.0477943334012863,0.335296225945266,0.579663901471852,5.69963933829688,2.74226136441406,0,2.39520267089439,0,3917.57,"MHI","Molokai","MOL_SOUTH","2010-12",23,0.975200755847485,0.590288681560963,1.5102653444033,1.65260243765568,7.41266057764315,1.49251623436145,2.86259358777793,1.38039596711208,0.378503302219031,0.819278224495264,0.0477649741850175,0.266162872160074,0.578972550360198,0.851497371658867,0.689505202165344,0,2.39234597061522,0
"26","MHI","Molokai","MOL_WEST","2010-12",22,1.99319975001307,2.29497312990808,12.2566817240845,5.47838642286399,22.0232410268697,4.94107295675133,15.3351168616199,1.7470512084984,17.7149970072359,0.188037538999628,2.93983935384722,0.19314905195063,0,8.15230766460875,0.4062428536961,0,0.0231184465474057,0,3491.664,"MHI","Molokai","MOL_WEST","2010-12",22,0.9611716721644,0.899149158439602,4.28873222153669,0.74047009714562,5.49026731403231,0.896722582248888,4.40972777587863,0.773869197581896,0.972318290296949,0.104101676690176,1.65863148189601,0.193045946678269,0,2.55065542895714,0.328802500103007,0,0.0230572917059003,0
"27","MHI","Niihau","NII_EAST","2010-12",7,29.186681568237,10.6238827571151,15.1268915721175,14.8025966310071,94.4207721018009,15.0304880105739,42.4445671034596,17.2930024659785,24.0819689685787,1.34787074037299,2.70330639086732,2.0181665630233,0,7.76502183473323,4.11338416583854,1.43655021426198,18.3308408717132,0,1776.562,"MHI","Niihau","NII_EAST","2010-12",7,6.994637553259,9.98409067436589,7.05270593846089,10.1806144976187,48.4360503747376,10.5509676758629,23.6980520680303,8.86003019956069,2.8187135864926,1.29362102070817,2.33050368200442,0.880792095193275,0,3.18584411816614,3.51669982926744,0.781665974908268,17.5874960506337,0
"28","MHI","Niihau","NII_WEST","2010-12",8,15.2286608173646,1.45545522664543,17.9386264994375,10.0345625854735,44.657305128921,6.0565317822345,28.534742928879,10.0660304178075,19.9893822051576,1.39716792760945,2.65367880020095,3.35914941689649,0,13.1847023229265,3.39480924654884,0.375507806801705,1.33427033281676,0,5291.652,"MHI","Niihau","NII_WEST","2010-12",8,3.17821071720938,1.09454227663338,2.94012975497706,1.10846629211064,6.96384408893433,0.999384721326564,3.77018719834422,4.15685536957993,0.766354189948219,0.590789722028891,0.571954207620756,2.4276747090133,0,2.71980450124441,1.05136254431452,0.213840326946584,0.703960021278565,0
"29","MHI","Oahu","OAH_EAST","2010-12",10,0.730831461326408,1.03332513332632,5.65715917298902,4.34914527036354,11.7704610380053,5.67388079283123,5.77924080734714,0.317339437826913,16.3915966919303,0.126920835051044,0.261866282702957,0,0,4.92221415730082,0,0,0,0,3161.9,"MHI","Oahu","OAH_EAST","2010-12",10,0.179231436652398,0.388713004432835,1.00576419872644,0.74428125474559,1.21921864519159,1.38186502796321,1.22934934719799,0.239365120564259,1.5776065833284,0.0524062495805392,0.214666000829739,0,0,0.865936590446151,0,0,0,0
"30","MHI","Oahu","OAH_KAENA","2010-12",5,1.85180824381269,2.11966122175114,10.9289427448222,5.58998423060367,20.4903964409897,8.89485968755114,9.74871605283317,1.84682070060543,16.1072664237081,1.20202146748998,0.73632750226078,0,0,7.81181051529087,0,0,0,0,801.531,"MHI","Oahu","OAH_KAENA","2010-12",5,1.28188031305643,1.59901503888471,3.76790389023677,1.43823722441469,5.36760422671954,2.52720349104969,3.48043203688859,1.27734202621027,1.25043004166297,0.630764755244754,0.735753121166298,0,0,3.75008075777228,0,0,0,0
"31","MHI","Oahu","OAH_NE","2010-12",6,0.815746427848669,0.616079629451182,3.69321976491051,3.54105401388163,8.66609983609199,3.95628316238178,4.43164971647481,0.278166957235398,14.7205657964851,0.502517170540458,0,0.0209051249232932,0,3.01323057779961,0.348769735469213,0,0,0,3909.619,"MHI","Oahu","OAH_NE","2010-12",6,0.471327901794982,0.295882760794906,2.75820016951811,0.390024004212981,3.47472913849212,0.925480167645629,2.57897261168661,0.278002771884136,1.24930451440241,0.350942801380217,0,0.0208927858758635,0,2.63789666215418,0.234270734627215,0,0,0
"32","MHI","Oahu","OAH_NORTH","2010-12",9,1.25275426901123,0.75359789924974,1.53233787565778,5.41732628967861,8.95601633359736,4.88153547517039,3.03560166825565,1.03887919017132,14.5024247835731,0,0,0,0,1.33506901510802,0,0,0,0,2166.359,"MHI","Oahu","OAH_NORTH","2010-12",9,0.698742919466306,0.379206388351154,1.00400762573856,1.62280363750886,3.1180956144824,1.23877690310744,1.66803671638885,0.738380625259414,0.752152354623031,0,0,0,0,0.99158862529676,0,0,0,0
"33","MHI","Oahu","OAH_SOUTH","2010-12",43,0.292106191807855,1.2631464282434,3.46080327778036,3.96430780708332,8.98036370491494,4.64258246881012,4.21543565855451,0.122345577550313,15.488157597162,0.145870692812439,0.0866390727459551,0.116471723978046,0,2.02274611265397,0.0467011107865054,0,0,0,9413.22,"MHI","Oahu","OAH_SOUTH","2010-12",43,0.154313862383952,0.392100833002977,0.905919565376059,0.349309673232579,1.31251334350435,0.480930931867488,1.01687911426435,0.099006599974921,0.372467499389819,0.0612996027632646,0.0628252432263873,0.0673312587862809,0,0.618923337301878,0.0466726467502155,0,0,0
"34","NWHI","Pearl & Hermes","Pearl & Hermes","2010-12",90,119.67014211221,2.22340212881402,12.68660523274,6.86548428768208,145.974744356722,11.118527263041,12.5964753318949,117.483691629538,20.0699055417991,4.05600417853533,1.60860760001377,131.787011702034,13.9100651051291,5.86159599456729,0,0,0.0155751340779313,0,22388.706,"NWHI","Pearl & Hermes","Pearl & Hermes","2010-12",90,18.0791968290566,0.422540461306598,1.48408879290157,0.707056808571067,19.2162723775355,0.911901012656261,1.81527802738386,18.0262727946539,0.857142396483382,0.634517822525876,0.356645759518062,34.3205316258495,5.03109451414736,1.77899909780998,0,0,0.0131376581878462,0
"35","NWHI","French Frigate","French Frigate","2013-15",33,161.616015079824,9.53376784266805,8.64359976318776,10.3387382024912,202.240552851999,14.1993904043523,28.7686009542736,158.595432916234,23.3488898278624,2.69241927347442,0.55420674332244,524.525117139722,30.0540994238755,4.33002422575436,0.10128623429836,0,1.22191758482928,0,28943.886,"NWHI","French Frigate","French Frigate","2013-15",33,77.6067340680028,6.53621313106057,2.25939073429686,4.86779021475205,92.2334381011845,6.88965789327148,16.6070002461086,76.7852735305681,1.70599902922583,1.26429492758291,0.238795953449674,358.578715065466,25.6999157909759,1.23274571531311,0.0830378597781347,0,0.98591300655807,0
"36","MHI","Hawaii","HAW_HAMAKUA","2013-15",39,9.34312438356181,5.01939896408123,25.6222557561374,13.4821861173153,53.6732735296837,11.4830104478012,35.3719070372632,6.72931633233845,19.1834732538192,0.368107306551686,5.56904349399001,2.28051146850008,0,16.2828440575455,2.84939729735103,0.989851383549127,2.43895970404506,0,4300.146,"MHI","Hawaii","HAW_HAMAKUA","2013-15",39,1.82469485024025,0.918741848984185,2.8814370102166,1.1336522222811,4.87510601001536,1.02992253991586,2.86743396435259,2.331748005069,0.310135573196779,0.123867875797567,1.17629390568861,0.687482975001811,0,1.92740793323106,0.747955224235847,0.161210772401204,0.577121631973363,0
"37","MHI","Hawaii","HAW_KONA","2013-15",82,4.98975539482776,5.14333734319124,15.019330353662,6.21910491776507,31.6498625075664,17.4361905909237,11.083826718467,2.45060300867634,14.8986146912723,1.45751845177368,0.664351709333741,0.50095148452634,0,11.0538567276977,1.85952750604188,0.0431128236776233,0.952417390701385,0,5148.568,"MHI","Hawaii","HAW_KONA","2013-15",82,1.06918772012594,0.739652315690415,1.25717193569884,0.587927445923066,2.1804210414535,1.02684920667608,1.18124834215576,1.04741231562771,0.28627937365205,0.205534485574774,0.201496658281267,0.357738710167258,0,1.0171111961713,0.408773351655838,0.0220144534251086,0.477991146646488,0
"38","MHI","Hawaii","HAW_PUNA","2013-15",24,3.10598939414217,4.58423035384908,19.1496772183002,8.23974439579825,35.5766940039785,12.4636864657682,21.3045471514009,1.80846038680943,15.4053894459585,0.754568115510589,2.48020326181709,0,0,14.4065316215306,1.51347680172235,0.144384291489949,0.493905444794268,0,3388.378,"MHI","Hawaii","HAW_PUNA","2013-15",24,0.818268279271155,1.80280880851098,2.97748412707048,0.871619086736021,4.96389072445371,1.6034553992226,4.14744049059327,1.27808000764771,0.555258217886514,0.33620199731719,0.967072238275208,0,0,2.25248528368637,0.602829971642161,0.0591665669943554,0.162838992732745,0
"39","MHI","Hawaii","HAW_SE","2013-15",10,6.16061006054554,6.03105031735927,21.7104995280941,5.93053553732265,39.8326954433216,19.6406374720833,17.689722167885,2.50233580335322,15.7470462775457,0.748853885184575,0.992630106808375,0,0,18.6433900949157,3.311960409823,0.0711363405654844,1.21601304539477,0,1727.52,"MHI","Hawaii","HAW_SE","2013-15",10,1.35701125860549,2.67104763546803,3.03039669468231,1.10532852808844,5.13308712569006,3.97131263636285,3.85935648594879,1.19518427413346,1.08169251211026,0.290304188689118,0.778668264761001,0,0,2.84347388039191,0.918243156999525,0.0710745818950606,0.860018967342647,0
"40","MHI","Kauai","KAU_EAST","2013-15",46,1.28682496900125,2.43027997251626,5.49003147628751,5.57354631389146,14.8519629676012,6.064393388134,8.37618512013944,0.411384459327777,15.0958942949006,0.320697222051491,0.390663361076014,0.365466689813459,0,2.9796749524336,0.393329645077233,0.152582625984313,0.297030540597356,0,11171.327,"MHI","Kauai","KAU_EAST","2013-15",46,0.41059151384953,0.771171513030584,1.27781618601101,0.682817972750221,2.16221351646671,0.725998645571673,1.66464322625661,0.238503301359034,0.480483790657959,0.260712689834571,0.214054414672537,0.228864333817438,0,0.771017764562886,0.232127737461377,0.0764931428001512,0.148014311031104,0
"41","MHI","Kauai","KAU_NAPALI","2013-15",11,5.97310367453692,2.94594934222938,17.0576821353766,10.9123820409688,36.8891171931117,10.135837373157,20.7432389081467,6.010040911808,17.8060667838209,1.18874596484689,5.05727107868055,2.27492558940671,0,8.13920294287319,0.85835007213686,0.701503991021613,2.98209418983037,0,6857.497,"MHI","Kauai","KAU_NAPALI","2013-15",11,2.95604470962959,1.17245843225276,5.02302159545621,2.42490223899497,9.85835255156412,2.95753550466472,5.35910213600209,4.36923896722987,0.995433912512827,0.328909394162763,3.49611994201673,1.78242183768905,0,1.43693664389059,0.530298040799403,0.548884129844761,1.6942792793779,0
"42","NWHI","Kure","Kure","2013-15",8,34.4280922009546,3.9627505793859,56.928907961493,14.5069888459392,115.151440294885,24.188872680977,58.241675698672,32.7208919152365,18.3250500947517,6.22129142255948,9.00332060333013,0.218878162565292,27.3458492494623,10.0348929100841,0,0,0,0,1660.086,"NWHI","Kure","Kure","2013-15",8,9.19074742951102,0.547026565499901,7.69336158358602,2.71422850524977,10.3911106770377,5.11427196469348,3.8105092659843,8.68633672599201,0.369316189772552,2.37834372996566,0.986110084973007,0.132651707222365,8.26482372589742,3.44342101827409,0,0,0,0
"43","MHI","Lanai","LAN_NORTH","2013-15",15,5.26080559747879,5.42587011109986,12.6547080589406,7.09922178280243,30.4406055503217,7.3736515639092,19.7397486680177,3.32720531839477,15.2264962058411,1.50327647307677,2.08023248122049,0.0204655632774635,0,8.66090299706526,3.94061402474669,0.20737807332805,0,0,1609.946,"MHI","Lanai","LAN_NORTH","2013-15",15,2.80660633604899,4.29615717582982,4.2061424724902,1.66846596156566,10.5209459339656,1.50072855394872,8.63079014165524,2.13338125078886,0.950411279761065,0.660491840789504,1.4967804657436,0.0204014847696782,0,2.71425607013719,1.96929147546472,0.120703377877128,0,0
"44","MHI","Lanai","LAN_SOUTH","2013-15",29,4.6085332438157,11.3265201898123,12.7829179699884,7.4390761920682,39.9236240253221,13.915306757934,21.688607701933,2.5474337929846,16.2418406558283,2.29167733529728,1.00566611296491,0.9086646244663,0,7.77492678570508,2.24373991216095,0.236992836619003,3.55132360915704,0,1635.661,"MHI","Lanai","LAN_SOUTH","2013-15",29,1.23609239979512,2.22082198655372,1.47186004373864,1.37744744455556,6.5188102991037,1.50480126759617,4.21413099367987,1.39199792719495,0.452535809821824,0.480060808058542,0.50216206144001,0.739327338366096,0,0.875027966702391,0.517962197475298,0.16892227078999,3.51222350319236,0
"45","NWHI","Laysan","Laysan","2013-15",8,32.8608033175853,0.94380145546318,4.79039855161578,7.71252539865618,46.3075287233205,6.60470104944675,6.99858636742097,32.7042413064528,19.8377994266652,1.33414391310989,0.2257086917368,10.7988415440319,0,2.67493946896892,0,0,0,0,9094.76,"NWHI","Laysan","Laysan","2013-15",8,7.08107946029931,0.53132534715477,2.56356744605287,0.720189031312896,6.02732838432972,2.41825696695136,1.65556969014043,7.25642206649386,2.31480683930758,1.03782673482292,0.166386336237144,10.5838000779281,0,1.26075653560614,0,0,0,0
"46","NWHI","Lisianski","Lisianski","2013-15",46,147.830277755279,2.21904506028262,19.6659433319147,7.80172769716695,189.134841463874,15.6268392002113,17.0892545396366,143.853668399808,19.6364050630963,8.98426766951784,1.38826646692838,232.093421484668,13.9137896388622,6.07231211779694,0,0,0.0503946605160737,0,29733.979,"NWHI","Lisianski","Lisianski","2013-15",46,28.2538494877284,0.341175013099247,2.44933142697957,0.919316640707717,31.7180800022074,1.5215776347665,2.35610521458086,28.1738287615117,0.87613003860263,0.755578610894053,0.375227785229863,105.160217044748,3.91490874330347,1.20052932057373,0,0,0.0503759428142891,0
"47","MHI","Maui","MAI_KAHULUI","2013-15",15,4.13075395137128,9.58504591225634,13.1619888908836,7.57726171431426,61.4305280365887,12.6075198792401,17.171043474092,31.6519646832566,15.4669747664074,1.30536068415383,0.793314894259578,1.57449398663221,0,8.56309439316582,1.24374740941038,0.0302435787948724,0.0356889300592673,0,1785.672,"MHI","Maui","MAI_KAHULUI","2013-15",15,1.72299976795721,4.39080728597857,2.56337341197978,0.980470319554865,29.5681742089584,2.04767447362852,4.28292260315631,28.9998606637611,0.575788825080035,0.431025116236762,0.514742825187407,1.35967845780736,0,1.42860615159101,0.521664358746257,0.03019038633367,0.0356261603043912,0
"48","MHI","Maui","MAI_KIHEI","2013-15",20,3.76821571036457,6.98533146415828,10.4524619956927,6.97127873876999,28.6950580443876,17.037120839276,11.210725828195,0.13471188227262,14.5665197756526,2.01080154219296,0,0.172286195688401,0,6.99149644187435,2.29249962448237,0,0,0,1483.337,"MHI","Maui","MAI_KIHEI","2013-15",20,1.10040959981231,3.3769229571248,1.4403354098466,1.98002843737861,6.40383243512776,3.26521539838744,3.70907917628014,0.0891752071030056,0.524963396327505,0.862415363539708,0,0.171739738755039,0,0.813454877804202,0.961016698459114,0,0,0
"49","MHI","Maui","MAI_LAHAINA","2013-15",13,0.456447544990171,3.00782357704287,4.53991935198742,2.92987382204818,10.9340642960686,8.01587243032563,2.76253701438477,0.15565485135824,14.31585787411,0.461196993573907,0.428181670660299,0.00787745760977991,0,2.38996517857787,0.0334437466711531,0,0.000656566861853115,0,832.926,"MHI","Maui","MAI_LAHAINA","2013-15",13,0.172564375097499,1.0980617285143,1.74337913693627,0.552151184401427,2.58137401625494,2.09235586141445,0.953754289657537,0.118921785451133,0.602568911907561,0.288553547876281,0.312660011571984,0.00785729040753644,0,1.11721933602416,0.0333894706986934,0,0.000654885974776946,0
"50","MHI","Maui","MAI_NE","2013-15",15,5.7559209500793,2.71483690803925,17.4582391999215,10.5251778854009,36.4541749434409,12.2160373650638,21.5347531766849,2.70338440169223,16.5365290802703,0.666009722718593,2.21588930474872,0.858224907786764,0,13.6775585346412,1.14402118513099,0.251240918577014,0.836966390508153,0,2321.596,"MHI","Maui","MAI_NE","2013-15",15,2.42158153698364,1.29857430600524,3.31307144577394,1.72041322971997,6.49888697368697,2.58795306471121,4.52923063885393,1.44155901238432,0.414795774892247,0.288969378014722,1.13796941589132,0.544624203302671,0,2.62302632042332,0.457206761650939,0.178501378559851,0.476123273666376,0
"51","NWHI","Maro","Maro","2013-15",17,38.6525525982222,11.8869086418045,14.4659846481052,8.88965200918236,88.4677192556254,15.5209392432758,35.9329460100637,36.3395303631636,20.8265548073825,5.22278618980744,2.23636139599428,3.19369334683968,30.5748814785646,6.02948450130658,0,0,0,0,67465.44,"NWHI","Maro","Maro","2013-15",17,21.1689270974891,8.86729239356163,5.07843381116406,2.20832952616406,24.5987528598719,8.48008947517999,17.6687679103876,20.5355420901128,3.57137552572431,1.97666545483569,0.678228018969905,1.38067618375295,20.7800656788948,2.49580510206063,0,0,0,0
"52","NWHI","Midway","Midway","2013-15",42,76.5287446526226,12.6323757816656,47.3713613489935,18.532218485246,171.812379667005,21.8474986030769,61.9324612785309,74.588060184937,19.5097071593281,3.35611031880563,10.4275788238542,27.078188307258,31.3716959554572,27.5771854308482,0,0,0.594906976799358,0,3413.664,"NWHI","Midway","Midway","2013-15",42,16.0472056697135,2.12469419065489,4.03852352740593,1.9584335475533,20.7235251402341,2.04413711445523,5.32862265322825,16.0433602103554,0.671222512117411,0.597384546100785,0.974920671002159,11.115512685741,8.85540369877811,5.89138924469916,0,0,0.594221681979536,0
"53","MHI","Molokai","MOL_NW","2013-15",16,12.0331859883941,4.84189471840584,19.0482730620592,10.6222171963056,46.5455709651647,14.2599085659396,26.7236803272524,5.56198207197278,17.4714938377681,1.12295125362104,2.86365244336098,3.13515974491903,0,12.1469632603536,1.42739817925164,0.248144544290804,1.26127031490662,0,1991.263,"MHI","Molokai","MOL_NW","2013-15",16,3.8332047318187,1.15120982285891,3.66195229189806,2.11339667009915,6.09309355463209,1.5367950799644,5.22654842056549,2.16611738551237,0.526208116533335,0.480086381991752,1.26000658728707,2.33524036146986,0,2.41398007600848,0.69276190313844,0.126152591629978,0.485562492356544,0
"54","MHI","Molokai","MOL_PALI","2013-15",13,2.73167117022132,4.22728302573689,18.8079844300419,14.0298091321965,42.9137227572289,12.0324762487775,29.6576220262525,1.22362448219886,18.3056393204293,0.584201667957598,1.30359933956342,0.89524177052142,0,11.9972104311851,1.0352299264288,2.40832846992551,5.54288396013105,0,1915.061,"MHI","Molokai","MOL_PALI","2013-15",13,0.815374584789497,1.32815024105878,4.37939788876902,3.26941340965157,7.63862947567739,1.80478082154343,6.88179563748047,1.18001835767647,0.757996605252175,0.252923120621042,0.827050037518704,0.443770312682133,0,2.00517124386463,0.630330727312887,1.35945523831558,3.90745716096961,0
"55","MHI","Molokai","MOL_SOUTH","2013-15",44,3.78199325081974,2.71193984834866,13.7586765743702,5.27001173602772,26.4007105724635,14.4400699332248,9.51509165975903,0.919052039063157,14.7221564340544,2.33964940264924,0.400832580125811,0.552730318750917,0,10.7849027929785,1.93086980057931,0.0244421322327697,0.0535714318664667,0,3917.57,"MHI","Molokai","MOL_SOUTH","2013-15",44,0.67820961435421,0.592364197644403,1.81015594023802,0.642656577281587,2.7786956240982,1.37395565990055,0.942457788785686,0.439051419544809,0.401842417499757,0.388604127182632,0.24429272414498,0.279038856221168,0,2.44169123221942,0.413160128418138,0.0176711778571712,0.0360501014995589,0
"56","MHI","Molokai","MOL_WEST","2013-15",14,1.72634884358583,10.1187280457254,19.6642889190314,8.65647146692094,81.145084692154,12.9673791831782,27.5948170539562,27.4418575411263,17.1046502985899,0.727822675404447,4.28537945799425,22.6074386565434,0,12.0456306280466,0.770048821658298,0.0677181163269683,0.417755831168514,0,3491.664,"MHI","Molokai","MOL_WEST","2013-15",14,1.22376192762969,4.6092353487797,8.16640542869784,1.73524132709662,29.1076834027195,3.73694881502223,8.69281356063907,23.729384617521,1.19248899070635,0.329086519216933,2.98724321612841,22.3897084776103,0,4.29542861238814,0.683736919201351,0.0676800316721113,0.417520885373983,0
"57","MHI","Niihau","NII_EAST","2013-15",25,17.349516020244,5.21339146355963,8.41958188627516,8.31781014664192,42.9710316490056,5.98950007039972,21.002626159051,15.285082096653,21.0302568823806,0.0310725933486621,1.57428252753926,7.01398372648194,0.719533062495368,5.79025127281515,1.43348752588827,1.46322571707439,3.59661116775929,0,2692.728,"MHI","Niihau","NII_EAST","2013-15",25,3.06700894536825,2.45962046392752,1.77844458591449,1.73596923296789,8.14242799500499,1.35561241733116,5.47501541506915,2.95166770002187,1.1067011438546,0.027398312934653,1.03698214264827,3.82930745629953,0.718041076199411,1.1283833113645,0.898821331477174,0.814045300164971,2.68607253684561,0
"58","MHI","Niihau","NII_LEHUA","2013-15",16,18.8742213819655,6.48878786439908,30.5975535520901,16.6449838483093,73.5603153832755,14.1006271653745,46.4186049979107,12.815063455088,19.6616121457479,1.01231239091342,3.83500289242955,1.16066603080117,2.92101956550857,21.8707011824048,3.4399638564601,0.186009373320356,2.77284566272071,0,1108.892,"MHI","Niihau","NII_LEHUA","2013-15",16,5.27951059188221,1.95399850477261,6.34361956621093,2.13160103816867,7.48911170289949,2.08240817074413,8.04421956835114,5.4028620393022,0.650102801562914,0.539444933142459,1.05538592785354,0.497833443109879,2.09381017301994,5.34101630892837,0.979762113323322,0.0720453257887254,1.97733023624617,0
"59","MHI","Niihau","NII_WEST","2013-15",34,16.5120888417146,5.46814664817023,32.8025305815921,14.4349325336486,73.715992837924,13.0135459998551,46.3750560462483,11.8995543972015,20.7206411066078,2.63041831877621,5.80470968362868,4.80582054299043,3.69708324839679,20.9501569411446,3.9519325746372,0.599849630984241,5.17417596485607,0,5291.652,"MHI","Niihau","NII_WEST","2013-15",34,4.42872950136962,1.80499034062521,4.70116594511541,2.26644417246824,9.17301415257158,2.27101537031207,5.62100724254186,4.60969024276571,0.679478645155425,0.89297621846054,1.20433875528657,1.43142052248131,3.16641567574324,3.95477868493254,1.20026145823161,0.181272156151704,2.14953174898874,0
"60","MHI","Oahu","OAH_EAST","2013-15",18,0.411259196149828,0.954861915796067,7.93353003018549,4.65579909345699,13.9554502355884,6.94646284702393,7.00898738856444,0,14.7001825706678,1.40099245294554,0.259813411842105,0,0,5.55710293992298,0.301303195895859,0.0191579322049135,0,0,3161.9,"MHI","Oahu","OAH_EAST","2013-15",18,0.187621822336366,0.358680092739266,2.04390361268704,0.565960088179613,2.61444076029842,1.0273459157042,2.63955938993602,0,0.701804869806494,0.63611875889142,0.259667824168875,0,0,1.2945569261663,0.175181571033321,0.0191062407198392,0,0
"61","MHI","Oahu","OAH_KAENA","2013-15",2,0,2.11179944189671,2.17626943957026,6.01083542651101,10.298904307978,8.61465736155391,1.68424694642407,0,14.4821144674086,0,0,1.06615154372467,0,1.43053856431333,0,0,0,0,754.621,"MHI","Oahu","OAH_KAENA","2013-15",2,0,0.128280748320167,1.36967356452231,0.354601084145279,1.59599390034742,1.51682509506612,0.0791688052812985,0,1.076352297656,0,0,1.06579827757979,0,1.38209277476925,0,0,0,0
"62","MHI","Oahu","OAH_NE","2013-15",27,0.818122330696659,1.24076847529742,8.19394986472771,5.11864935620229,15.3714900269241,5.96035869968989,9.18345669414028,0.227674633093902,14.6955159488472,0.82661518879187,0.769114126714913,0.067407491069694,0,6.31474309858021,0.0847006708838881,0,0,0,5396.772,"MHI","Oahu","OAH_NE","2013-15",27,0.312766489045168,0.577008949091692,2.6238458044402,0.696956631901701,3.4358325598792,0.76365672330613,2.88488727218719,0.187338366360868,0.584557149672085,0.385405877961219,0.768820434667617,0.0454966034395556,0,2.25890580811251,0.0577386934006968,0,0,0
"63","MHI","Oahu","OAH_NORTH","2013-15",15,0.34972412345038,1.59424010498441,4.99224141104254,5.22663092413365,12.162836563611,7.52795965925541,4.63487690435556,0,14.7511789401324,0.175527285011145,0.250283936546119,1.00180323916591,0,4.08393058711869,0.0408322271967111,0.0853028121239892,0.135047136817904,0,3083.336,"MHI","Oahu","OAH_NORTH","2013-15",15,0.206034565093435,0.593342565440998,1.7591690287964,0.740348856227096,2.72158917314394,1.28552055422481,1.52965711364887,0,0.452832405128197,0.0940566240557832,0.250191948054055,0.624869338336226,0,1.56936182235545,0.0292766885213864,0.0852498586071076,0.129813282841989,0
"64","MHI","Oahu","OAH_SOUTH","2013-15",35,1.57648164810588,3.17483276169658,5.79390739407987,6.25522256364856,17.0778248124188,9.16597438057605,6.21979245587087,1.69205797597188,15.518093674072,0.335952435668465,0.510209633695498,0.761501181651527,0,4.09387539194932,0.201906170309411,0,0.263266326733421,0,9413.22,"MHI","Oahu","OAH_SOUTH","2013-15",35,0.435048171969939,0.797300284448429,0.903878516563357,0.913139287201782,2.0441138985351,1.16259330902511,1.43872227305983,1.22951891799343,0.528616649401503,0.106368750980198,0.346601515474051,0.567772810879468,0,0.652726929167842,0.117990156166699,0,0.16342755879275,0
"65","NWHI","Pearl & Hermes","Pearl & Hermes","2013-15",23,135.801873653758,12.8987867208801,23.9869498062962,14.5428103007023,187.887390493189,22.7723293459318,33.3800700645278,132.294536928782,17.936149087111,4.92808062614274,2.6460233022728,144.97430592416,18.4339531590407,23.7177677835687,0,0,0.13284602230634,0,10097.707,"NWHI","Pearl & Hermes","Pearl & Hermes","2013-15",23,29.4027511067498,2.7474602152681,3.95674084820742,2.65897098382724,31.5766192364033,2.610973591096,6.29048114972113,29.178212717756,0.823124362821605,0.902955627807759,0.431293216970897,46.7624551933132,7.88633676823592,11.8728418702229,0,0,0.132802389576008,0
"66","NWHI","French Frigate","French Frigate","2016",47,53.1310080777036,2.82862385217011,12.3398161475567,6.86528304457436,76.4860539213359,11.5272923441873,13.4567429385138,50.4324903906631,19.6541098206589,4.0565641382433,0.807489047245783,35.5936479483961,11.1493059049004,5.37972446766454,0.136999686374385,0,0.724448859576166,0,40508.501,"NWHI","French Frigate","French Frigate","2016",47,18.6927394994756,0.631963569023135,2.95578374730867,1.25482706632059,17.102542326115,1.58879819965573,2.78912282378143,18.8071676231387,1.8929790526736,0.964466697618439,0.47262147191192,21.9054523307222,6.44463896968998,1.97068169612393,0.121771007761966,0,0.237101461876099,0
"67","MHI","Hawaii","HAW_KONA","2016",36,3.02882382903679,4.30935626556035,15.7118292114784,5.91614448873027,28.9661537948058,17.2431823121003,10.4987915245338,0.610721844194544,13.9606499667457,2.3800925939647,0.303342538209507,0.0773350486166354,0,11.5549882809617,1.02431072137539,0.245838746186549,0.0859116120805625,1.74599730367028e-05,5148.568,"MHI","Hawaii","HAW_KONA","2016",36,0.56498962398645,1.01122216318592,1.35625791040472,0.575874500010722,2.35668967448141,1.26562511732848,1.69179880658383,0.336291303279009,0.315224174596086,0.561560864657907,0.120253407213713,0.0772602541999148,0,0.950579790669175,0.221393259612216,0.20273555844205,0.0378973278991544,1.74430866634141e-05
"68","MHI","Hawaii","HAW_PUNA","2016",14,4.86265688810827,4.17283859235144,18.0244512675974,13.2799635831896,46.1665019001872,15.8968035488363,23.4476323418508,0.963001789440177,15.4459887510569,0.181749309822561,0.548138829158138,1.22220841601832,0,16.5706369137325,1.81938367296828,0.280183210799081,8.46764508566911,0,3388.378,"MHI","Hawaii","HAW_PUNA","2016",14,1.39698323981613,0.723651339480084,4.16925022604012,2.92159232909085,8.81405158662194,2.24848087409452,5.92326232751726,0.516753244286337,0.719399116881572,0.166614237844386,0.426137052644483,0.436595869027778,0,4.81521508858369,0.679329159503584,0.147051242281449,7.35749674460644,0
"69","MHI","Hawaii","HAW_SE","2016",9,6.49707552886547,5.56529507304879,25.8627348083869,9.88878598578166,47.8138913960829,18.8070970983612,28.5140231536144,0.49277114410726,16.5695052428498,0.867950240801671,0.802297728885819,0.929824265300889,0,22.7728706700016,2.93263111313561,0,0.422965588352075,0,1727.52,"MHI","Hawaii","HAW_SE","2016",9,3.10143374585313,1.48487326513248,2.88354146755921,2.82245755650116,3.34438122351368,2.32595388569531,2.06967438941017,0.419528139020094,0.912189130452194,0.651686681718024,0.576329955395041,0.929178522537384,0,3.38646584711817,1.32617964541354,0,0.0831037965871542,0
"70","MHI","Kahoolawe","KAH_NORTH","2016",10,10.8470617051182,11.4240950151358,14.214730685494,16.1433260405672,56.7890022546933,18.3371485507098,36.5340025717199,0.724176269052183,16.855785084297,2.03948124336496,1.12575372204414,2.17174396208681,0,8.17163147787337,7.40037491127131,2.27669999618448,9.71235140631261,0,965.398,"MHI","Kahoolawe","KAH_NORTH","2016",10,3.06412084898987,3.20222071919435,2.32014292877936,4.73718779096309,10.9791474630729,3.55749200736855,7.68414180300542,0.554125631225561,0.767581688606365,0.575735707052336,0.766697310134954,1.88565341179992,0,1.96093725452296,2.42201401996661,0.590805626572647,5.23726308762963,0
"71","MHI","Kahoolawe","KAH_SOUTH","2016",14,11.200305325402,12.7651847110999,17.8011665624348,8.45179580605111,54.3444572448556,20.3961857751148,25.5479272542748,4.90229715738578,16.1163529663559,1.15314093016299,4.21847136469128,9.26965160207787,0,9.97542317467131,3.56067546276369,0.190112619152323,0.890174865861236,0.00037186649875249,897.619,"MHI","Kahoolawe","KAH_SOUTH","2016",14,3.12936590968847,4.29043731698488,4.58713787778972,2.06317211480926,14.0783123981598,3.82367259468945,6.88932837077689,2.95511230656463,0.921304264149891,0.377864432446537,2.15308635455495,5.3211245795625,0,2.05050707483872,1.20901551550354,0.0784433016962285,0.389620289565022,0.000371407263529084
"72","MHI","Kauai","KAU_EAST","2016",21,10.1298399106006,2.44630164173921,4.92405167924911,8.42836040592355,26.3046297192678,8.66152121140085,8.55782055771441,9.0852879501525,15.8826849677206,0.115644417482932,0,9.8805856187419,0,3.71570466686388,0.095380461091247,0.636875295057965,2.4486920228163,0,11171.327,"MHI","Kauai","KAU_EAST","2016",21,9.16113759506802,0.754044780183645,1.11637475432671,2.16361051650074,12.6245354542633,1.62862165954043,2.64434030201307,9.08337706180991,1.07250766920584,0.0957553751736763,0,9.09370979240991,0,0.977417810573526,0.095350360850337,0.386260395987601,1.33136363263432,0
"73","MHI","Kauai","KAU_NAPALI","2016",9,10.4008500762474,1.0923686515735,16.1366580459811,6.80790789767761,34.4377846714796,5.86827179650149,18.9807126452815,9.58880022969661,17.2351919733007,0.658087467886052,0.477994445786101,5.75453615982416,0,13.6619676470906,0.156523117610575,9.61454182174058e-05,0.719437485274186,0,6857.497,"MHI","Kauai","KAU_NAPALI","2016",9,1.64205019534542,0.4087712984935,5.98147810303676,2.20705726810833,6.38133652665748,0.397214204690098,7.99915395621896,1.40235259781805,0.745129211082758,0.507611995033171,0.205265846485996,5.49855387870798,0,5.16444479475569,0.136029886932674,9.60859851012903e-05,0.61176099979371,0
"74","NWHI","Kure","Kure","2016",39,64.5568932459877,3.97435842328052,25.6966554314717,13.7349865238621,112.976522550725,12.9949299061998,33.1172316416767,62.5170370585002,18.7073700043182,2.26096674585316,6.72452450991673,27.033238536608,36.2419579154635,9.96624181439468,0,0,0,0,1660.086,"NWHI","Kure","Kure","2016",39,13.3523027881268,1.37850664092424,3.39265203681661,1.40017155693674,15.7028401390878,1.32831585219484,4.32298118192953,13.2653096831271,0.570913776046302,0.301283422532788,1.14494557623361,14.7659809564338,7.71307911911257,1.4694556842023,0,0,0,0
"75","MHI","Lanai","LAN_NORTH","2016",8,13.9086140125188,4.4385899206234,14.4396435075029,5.83412479837645,38.6209722390216,10.0870028007211,27.8254655047613,0,17.7296721585052,4.31575532678455,0.720650077003864,8.87599801883431,0,8.54527923958243,4.36455297690822,0.782487243840263,0,0,1609.946,"MHI","Lanai","LAN_NORTH","2016",8,9.56487581844765,3.03426371829652,3.17775748051474,1.68756108354792,11.3538388915505,2.42014467360478,10.4446677997294,0,1.69501495380006,1.00456189911633,0.575385502976404,8.8692790198026,0,2.5070091818105,0.789617170659248,0.730894119192742,0,0
"76","MHI","Lanai","LAN_SOUTH","2016",18,7.03665552949634,13.8019660211257,18.541732449771,8.08149290291759,48.4067415161974,24.2721436617289,20.6436169956137,1.9318161502606,14.6903366692889,3.60883083637924,0.807124712369381,3.34499973659971,0,12.0347005268147,3.572682000881,0.722388370949793,0.246974687643648,7.7975788517274e-05,1635.661,"MHI","Lanai","LAN_SOUTH","2016",18,2.20750367743499,2.4061087113846,2.74094735484638,2.14567432988256,5.96829542738659,2.5473819274462,4.49552392626651,1.70513419160037,0.46493841737089,0.774654411976213,0.655832430655125,2.2214366881813,0,1.68678380607447,1.17944378299393,0.3414579620786,0.24657549780646,7.784975478232e-05
"77","NWHI","Lisianski","Lisianski","2016",40,98.1311057598024,1.94352851332712,14.4298234780989,7.78473617726236,123.506569120423,10.7930118722766,18.994236750047,92.4824799492289,20.238547579244,6.27772610369491,1.90705640781984,81.3372396971868,12.9473236887727,4.99533556418247,0,0,0.00823299394428328,0,29733.979,"NWHI","Lisianski","Lisianski","2016",40,20.4486120880546,0.228454547359661,1.62865399663557,1.18952878087531,20.4455639243835,0.752451952867095,2.99622902110927,20.510230090261,0.746557136878916,0.583347996219191,0.717143058535752,21.8407610997711,5.44984604670038,0.914378118741327,0,0,0.00823198426752145,0
"78","MHI","Maui","MAI_KIHEI","2016",14,3.05958590125972,1.97011429774901,10.891572686035,5.95813442035446,21.8794073053982,12.9678796281401,8.79197155353876,0.119556123719289,14.1129946837712,1.27635828860516,0,0,0,8.73738602211809,1.84685007427298,0.0751233323278531,0.309046387380447,0,1483.337,"MHI","Maui","MAI_KIHEI","2016",14,0.299701479208669,0.804965183325037,2.31494407133282,1.29271029861828,3.26973344821352,3.10672541346537,1.71604859011852,0.119231162284488,0.571514589670875,0.580573445775043,0,0,0,1.9027170220594,0.601927706686809,0.0551394219016221,0.155409470747861,0
"79","MHI","Maui","MAI_LAHAINA","2016",6,0.101342935061339,18.1364724664479,6.02881774190259,5.27887007581218,37.1298252565099,17.8099853293026,14.454754192191,0,15.1212186312109,0.273584859136578,0,12.7005374388482,0,4.81531275656082,0,0,0,0,1181.036,"MHI","Maui","MAI_LAHAINA","2016",6,0.0944622924513469,1.31437903942241,1.99294828093004,2.19179285375158,5.45132168691291,4.92955873597765,5.02095175640042,0,0.698807597371199,0.185506739331995,0,12.6914130950703,0,1.67896714838165,0,0,0,0
"80","MHI","Maui","MAI_NE","2016",7,9.10834066021988,2.56328272624906,24.5838445108599,9.33545089062473,45.5909187879536,10.8666926056993,31.4910701587465,3.23315602350785,19.2691900288241,0.892261642830499,5.60314674894557,4.21354266776329,0,15.1533660698788,0.63900370973098,0.573129560755884,0.652363282249395,0,2321.596,"MHI","Maui","MAI_NE","2016",7,6.09894301641612,1.11362825986326,7.83759855623331,2.54636491351347,4.5286948605674,3.22539206902923,3.28569332898188,1.08082200821121,1.86326856195355,0.649874463179836,1.6586175347288,2.42848280278538,0,4.92124263405251,0.638756571438911,0.127203133787824,0.426375368344244,0
"81","MHI","Molokai","MOL_PALI","2016",5,7.23585139079861,2.39479145258372,14.0934693308796,14.0229410338933,37.7470532081553,8.48959913861032,28.4030284722811,0.854425597263885,18.4466271865368,1.12174116251684,1.30934713958558,2.65578192094881,0,10.1044462273661,3.20466666263555,1.35181733688178,5.39651918741733,0,1597.771,"MHI","Molokai","MOL_PALI","2016",5,1.02454496454565,0.216388323273528,7.05461955326826,3.25279200378046,8.24212299403776,1.12989163917982,7.62089347107318,0.854029827309798,0.965698145577065,1.10151531632944,1.30893167060373,0.624833017419093,0,4.92156091604926,1.57608251492995,0.411332534808359,2.55643284451094,0
"82","MHI","Molokai","MOL_SOUTH","2016",7,6.22097447298927,10.7790322649954,17.7748135564198,9.17205707063841,59.8436729255113,26.3094044894448,31.1150883982549,0.461908905396372,15.390697873827,2.2138660729833,0,0,0,14.0109496077169,4.92177279187126,0.0815199425145059,4.96624501944699,0,3917.57,"MHI","Molokai","MOL_SOUTH","2016",7,2.07569966161978,8.01117968031448,5.08903511037312,4.59105542344242,25.6518124450118,7.38834032693504,16.6759157407943,0.328134514204245,1.08440829804302,0.6606933779793,0,0,0,3.91773018810513,2.04283970953793,0.0814984850264568,4.96492938115639,0
"83","MHI","Molokai","MOL_WEST","2016",9,5.55722911342457,2.38740434068563,5.61894580202812,8.24835022350742,21.8119294796457,7.1080887734012,10.9625354758859,3.74130523035864,17.1827136047036,0.659466670751608,1.06495294845846,1.48233511964166,0,3.12006103356641,0.19492728569694,0,0.979126891090589,0,3207.765,"MHI","Molokai","MOL_WEST","2016",9,1.80848635846715,1.02365650780839,1.89766431738163,1.08883279519514,3.17548287939105,2.00008989673356,1.98492038406527,1.50424281462893,0.772894799260301,0.420815178421946,0.679561810918752,1.11521659073397,0,0.997039086529512,0.194835934092282,0,0.978865591157539,0
"84","MHI","Niihau","NII_LEHUA","2016",2,5.27941156736646,17.2449264901811,23.4383723122516,9.57843472932629,55.5411450991255,17.4179679942412,34.8724183447747,3.25075876010958,16.0108486017358,0.953142821720794,3.43667147977247,0,0,13.4462059050983,0,0,1.18563274943608,0,608.041,"MHI","Niihau","NII_LEHUA","2016",2,2.22089750210205,14.4185690847433,1.23601502274097,0.316111223569859,13.7497978289521,3.90331737266987,13.0959023709652,3.24942191468292,0.371351561608251,0.952750850271602,1.21488573031935,0,0,3.81195152466317,0,0,0.22305301671642,0
"85","MHI","Niihau","NII_WEST","2016",10,7.05299356554204,4.51861190110488,29.2284019386819,9.38449294379117,50.18450034912,13.6748221778267,33.8322838351986,2.67739433609465,17.0953726655914,0.852315753832104,2.81785060772202,2.55940478886007,0,17.8908019470938,2.73421664706059,1.40226547239801,1.28913431779249,0,5291.652,"MHI","Niihau","NII_WEST","2016",10,1.54145596002593,1.89802019510671,7.98834552453086,2.14329223499833,12.6635979312392,3.71166747300968,8.21627323087502,1.46165297138987,0.421156235963325,0.412668629242237,1.84667091099888,1.67714658996989,0,3.4399638051579,0.409809817345163,0.743506719577115,0.450822591433065,0
"86","MHI","Oahu","OAH_EAST","2016",11,2.75882787297906,0.333173013719587,9.02204323796648,5.05095423789243,17.1649983625576,6.83620639276446,9.8249130913352,0.503878878457898,15.6832175146285,0.923550383558451,0.480635445949097,0.944812566260899,0,7.42233739519625,0.150887502389873,0.0637957604514586,0,0,3161.9,"MHI","Oahu","OAH_EAST","2016",11,1.32408773557873,0.11398363747027,1.88360512662362,1.01128298053743,3.00950846588784,0.645088186132509,2.97545793337755,0.502972917304808,0.889098536250257,0.442140502401486,0.427586608083782,0.760489174757833,0,1.9480148918638,0.0797922671192798,0.0637778888281863,0,0
"87","MHI","Oahu","OAH_NE","2016",10,2.2279962991592,0.624369345985833,14.7459834529119,5.6428961758902,23.2412452739471,9.33831897731198,13.9029262966351,0,15.9023708134363,1.61928194216397,0,0.257585280274293,0,12.9317563550455,1.40171827158027,0,0,0,4761.25,"MHI","Oahu","OAH_NE","2016",10,1.12110151811049,0.429353853323503,3.83359695242129,0.961647115770581,4.78233873145505,2.25464308961857,3.62643274581829,0,0.874423330715243,0.773936256696314,0,0.257498662220675,0,3.49346131463968,1.08074492813433,0,0,0
"88","MHI","Oahu","OAH_NORTH","2016",6,3.57121073837001,0.391665491949817,0.967036937723788,2.73137081672807,7.66128398477169,2.68570228227354,1.40437096412813,3.57121073837001,18.4544705699509,0.0110040259816897,0,0.281914441856614,0,0.868508251159593,0,0,0,0,2277.636,"MHI","Oahu","OAH_NORTH","2016",6,3.05510965676601,0.279182283555333,0.440404136610926,0.74484267162938,3.21211588112351,0.520852280262337,0.576561886411564,3.05510965676601,2.40492686606358,0.0110010254902837,0,0.281810827998069,0,0.437139184635751,0,0,0,0
"89","MHI","Oahu","OAH_SOUTH","2016",25,1.16020415730122,4.29634140769514,6.7737059277542,6.82665071794615,22.2101971861249,8.01987146818406,10.0417390334881,0.403908865843626,15.6443125727423,0.531143356615818,0,0.352349997092135,0,5.62384176586161,0.0780520827296321,0.0275958185759973,2.76090534572,0,9413.22,"MHI","Oahu","OAH_SOUTH","2016",25,0.397638411929562,1.91124968790032,1.56852199739317,1.73264850612101,6.41559826657153,1.55544641583254,2.99480421244527,0.319887457073438,0.511878520389176,0.242351005561994,0,0.190647531831186,0,1.36776454527155,0.0318337582435492,0.0275830345184377,2.73559291394754,0
"90","NWHI","Pearl & Hermes","Pearl & Hermes","2016",56,49.7096923943138,3.52227081402539,7.17731695384448,6.26636343848573,67.9861893706862,9.30391357866283,10.8061639807336,47.3896208434003,15.9377344047556,2.1385573194101,1.19207149381539,35.6379418383219,5.10221769151188,2.45086178278946,0,0,0.55681123005936,0,20313.706,"NWHI","Pearl & Hermes","Pearl & Hermes","2016",56,8.18366880080613,0.73924156592487,0.954063717852109,0.746834017539031,9.5332097809477,0.989488523818783,1.60619313140168,7.77295729000612,1.01638922007822,0.414383872730726,0.325136590472804,8.44599118440322,2.01657327798649,0.42600332856691,0,0,0.556244099022106,0
"91","NWHI","French Frigate","French Frigate","2017",27,64.5427225541282,4.25557161119304,11.5066766379983,11.441589209129,94.1352465481696,12.0872000353993,16.0500434570629,63.5053330102176,19.4290892631194,3.14107314682576,0.465890400289275,119.894537194212,5.07139262548815,6.94784396021904,0,0.0402621429714978,1.1886187126717,0,27190.996,"NWHI","French Frigate","French Frigate","2017",27,18.3533820844728,0.873279357863906,1.48134569543742,4.73998907447246,17.9527122140213,1.2557712478297,5.58270894643721,18.3510821932883,1.49782493495097,0.739211079525788,0.153584562323381,97.8441070187727,2.62815851006991,1.26695254871502,0,0.0402542469317885,0.502734636888563,0
"92","NWHI","Kure","Kure","2017",6,57.0631677759165,3.8120520182056,11.2545769997364,10.9342854096132,83.0640822034718,10.1450156700541,21.210851887716,51.7082146457016,18.4514101543815,0.976337376715561,2.04436944914856,14.6727687922637,40.9084571571493,6.48584584055043,0,0,0,0,1660.086,"NWHI","Kure","Kure","2017",6,26.0290970481396,2.53896037974279,2.73737734715241,2.56213179290029,25.7212063086499,3.98568908763521,5.06786228218594,21.6076398849292,0.681726739636326,0.468095730362686,1.58370626581528,11.3251145880048,15.1621664039713,1.15819307956756,0,0,0,0
"93","NWHI","Laysan","Laysan","2017",11,12.3350000905342,0.409146129647557,2.72256315517823,5.93957432432242,21.4062836996824,3.85789529849448,6.66419498145853,10.8841934197294,19.5916752038909,0.355271436548111,0.0996692811719251,1.34406359427416,0,2.08547440342803,0,0,0,0,9094.76,"NWHI","Laysan","Laysan","2017",11,6.0699509061009,0.265645479997492,1.36562343994441,0.382479739461363,7.63971230624867,1.86610919832751,1.38408392186961,6.23740540919767,2.39215383149589,0.252884946050733,0.0289118565213205,0.602265630619884,0,1.0136775620749,0,0,0,0
"94","NWHI","Lisianski","Lisianski","2017",17,116.992261849463,2.47886065034053,12.8518298189503,6.77941713611941,149.026737552206,10.5636781853015,17.8778828848562,109.975179596184,21.3058219869779,4.8251648943498,0.788386659645818,208.536392103397,20.7722218090307,5.81429083554175,0,0,0,0,29733.979,"NWHI","Lisianski","Lisianski","2017",17,50.4043947190604,1.04640765872358,1.87514494241095,2.29817551303451,58.4827379625675,1.0556611891941,5.25469002176984,50.9383979947878,2.05193875542387,0.810513383273668,0.313286218619222,172.266647420217,10.3081374998996,1.54429747207269,0,0,0,0
"95","NWHI","Midway","Midway","2017",10,80.2949362318253,12.7913521685526,29.8066650706875,12.5983091647977,154.118161986279,14.4681865956079,43.3550315805778,83.3093265722968,20.5948641144854,2.90048148812974,5.66527560446233,6.21525588501094,60.39144317144,27.9221922445664,0,0,0,0,3413.664,"NWHI","Midway","Midway","2017",10,41.8792518111708,8.77555556847959,6.28526698106873,2.60898121219107,38.2464116624735,3.92400025601047,7.52767070964508,42.0288153278616,1.79279059492655,2.20674206557726,1.0011981555514,6.09535651984501,42.6990833349072,16.9972820360449,0,0,0,0
"96","NWHI","Pearl & Hermes","Pearl & Hermes","2017",20,224.900361016522,8.72312044281723,7.72356430210202,9.58543453234078,267.479065482581,15.9325959050435,12.2114363989649,221.452305446924,21.7709422642455,1.24618139199518,0.668274345111837,305.487133855239,17.3666052300405,4.11995575026083,0,0,0.332440389459988,0,8022.707,"NWHI","Pearl & Hermes","Pearl & Hermes","2017",20,41.8441185401192,2.3738961767309,0.930895885530898,1.64207036974007,45.8556358567965,2.47462227575069,1.91346855437778,41.534025179925,1.6117584857772,0.279054468003057,0.292267440696175,98.2686712089123,8.61117537222085,0.61077468596168,0,0,0.332320279938454,0
"97","MHI","Hawaii","HAW_HAMAKUA","2019",19,4.34645139553983,3.39380381410255,16.7487647037831,12.9439845551843,37.4330044686098,8.65196727395831,28.3657960661666,0.415241128484843,19.0295992423999,0.62757887014798,1.59083937767076,2.07220734228812,0,12.0372357366879,1.35274274144082,1.42852155019626,2.1392226219784,0,4300.146,"MHI","Hawaii","HAW_HAMAKUA","2019",19,0.979188118008161,0.819011022471693,2.26498112510652,1.69138517396304,4.0162340434829,0.989188045062535,3.56282189086002,0.292495654493481,0.525425625734506,0.216785996670061,0.506669204290785,0.624424845130127,0,2.05720459473931,0.424646442105242,0.376071991079385,0.507936947546186,0
"98","MHI","Hawaii","HAW_KONA","2019",37,5.66223079747376,9.27184837169657,15.5272726219351,5.58502634428951,36.4054876350685,17.1647157590891,18.0814379739165,1.15933390206288,15.3676086661406,1.84799447015615,0.937219860466052,0.626124839168089,0.369168482114995,11.1436307281051,2.80079054653109,0.100157722461143,0.327659636998249,0,5148.568,"MHI","Hawaii","HAW_KONA","2019",37,0.79458156688525,1.91787986860636,1.23699421165685,0.520501567331403,3.42235223385151,1.44231996862701,2.56684059216007,0.509193882807828,0.384121958322647,0.421474891501614,0.360849895073484,0.328645274765277,0.368712202392261,0.972598741585197,0.547511896963699,0.0782048986471238,0.0967172438808846,0
"99","MHI","Hawaii","HAW_PUNA","2019",17,5.90056126405131,6.75864435516266,16.3697128024529,14.2082588030126,43.2371772246795,16.7274007433779,24.7579939039058,1.75178257739577,16.8068505171455,0.83934686846624,2.59651070463934,3.13152157622577,0,10.9861331004453,1.49742091125849,2.47673025320928,2.07160151006214,0,3388.378,"MHI","Hawaii","HAW_PUNA","2019",17,1.82041680511023,1.59068266793131,3.01127331017723,2.05827073206626,4.82048165497359,1.11225336378095,4.94314867090702,0.982826109221557,0.346488681790572,0.358976084669681,1.23156776574234,1.62882630829774,0,1.65880657480537,0.566756740548158,1.46677519701056,0.613826107775493,0
"100","MHI","Kahoolawe","KAH_NORTH","2019",8,14.9113604520437,14.5988385856499,10.8809624642139,8.75579862114149,50.7524460138391,16.8085758438716,26.942402890802,7.00146727916548,20.3067685853281,1.45985689229277,0.404753945771348,6.5527717962865,0,5.76165346643519,3.65396706966609,1.25773789345849,0,0,965.398,"MHI","Kahoolawe","KAH_NORTH","2019",8,4.43397066533815,5.74615741144929,1.88255294004247,1.68583873606799,12.4616057100538,5.98005245095456,4.26894997934187,3.14508193997557,1.84296132216889,0.668593279424529,0.269927868618809,3.7873965839284,0,0.749332426437814,1.30061722682087,0.529445110694855,0,0
"101","MHI","Kahoolawe","KAH_SOUTH","2019",12,24.7432616145515,13.5034451053036,19.7913062544173,11.5715991730255,69.6096121472979,14.3096057576118,36.7351573765149,18.5648490131711,19.1924652160474,1.05810636366572,2.12466162275142,3.63874186493262,0,14.919592751246,2.72851896214296,0.63265717519744,1.21577606453131,0,897.619,"MHI","Kahoolawe","KAH_SOUTH","2019",12,10.5559896547801,3.67639020901224,3.02764125584266,1.94252587999218,15.578407367118,2.45615684535957,6.77548989109833,9.8732239538947,1.07358429668234,0.357435252484778,0.677884263656913,2.16865310061867,0,2.24557189627053,1.02521521075818,0.269019942363679,0.58132420630341,0
"102","MHI","Kauai","KAU_EAST","2019",13,2.4224135205732,2.68512613747918,6.34655463903702,10.5657066166664,22.0198009137558,11.4433883153381,9.92463650214436,0.275136150956544,16.2717275141746,0.0289206930067079,0,1.20758213439001,0,4.86760291982191,0.520859565025286,0.474693532731977,4.9122685466227,0,11171.327,"MHI","Kauai","KAU_EAST","2019",13,0.845289564866186,0.845550072601777,1.78145309195598,3.29617975846998,4.84301257211636,3.73729690354048,2.53023731007946,0.275101423171952,0.48071799470098,0.0289170426263653,0,0.685158738993784,0,1.76395376873059,0.344224784323319,0.298311431153736,2.86289691615184,0
"103","MHI","Kauai","KAU_NAPALI","2019",9,6.01307611757118,1.58408433979116,9.41763073013084,7.0703383586575,24.0851295461507,7.9168730701631,14.3814850358136,1.786771440174,17.0462562679686,0.273175855253112,0.202064022895118,1.33065077274016,0,7.49432364168132,1.66639922975718,0.213984839222338,1.36155919394734,0,6857.497,"MHI","Kauai","KAU_NAPALI","2019",9,2.88285195132475,0.303749422420757,3.46159098992323,2.4932830129141,6.33152204413219,1.92535037200243,4.94594828117512,1.47592296109517,0.927807304245694,0.206484436089395,0.202011351276196,1.14256540549167,0,2.694547910027,1.21758323299381,0.151247445703111,1.16163993707568,0
"104","MHI","Lanai","LAN_NORTH","2019",3,3.49037418742575,14.1380363687747,2.75096336953717,3.14577361261668,24.683859703135,10.4621714926096,14.2216882105254,0,15.8900956467328,1.32334324914625,0,0,0,1.37896606561047,3.36565095204631,1.25425067413514,0,0,660.765,"MHI","Lanai","LAN_NORTH","2019",3,0.96660324504,12.9423957593372,1.49586362681489,1.14981473252144,16.8053377804313,6.77465385904027,10.0948289891288,0,1.54698197322207,1.29069748737603,0,0,0,0.294680104368937,0.969522088839648,0.520269324197226,0,0
"105","MHI","Lanai","LAN_SOUTH","2019",22,6.6846533745333,9.02993993266035,11.3153885566483,5.91627211847002,34.7405798092924,15.3724828148922,16.8658749631383,2.50222203126187,15.6459299560752,1.45259128180399,0.582701708747388,5.02658647256965,1.23515194326907,7.27793677349991,1.70940029604169,0.43893657774432,1.0229913908403,0,1635.661,"MHI","Lanai","LAN_SOUTH","2019",22,1.75527253621512,2.31108497070423,1.67468830866797,1.25606987928516,5.63200128890343,1.67578214830112,4.52962148338547,1.26542576883231,0.55395426712127,0.301420032822573,0.276908128707099,3.73061882509334,1.23315554393018,1.10256118188225,0.313790419222795,0.164794622276425,0.721135000525046,0
"106","MHI","Maui","MAI_KIHEI","2019",12,5.17801957482618,5.18948944706394,10.3595812145259,3.25876953447815,23.9858597708941,9.47369176709377,14.5367904297539,0,15.5005078150941,1.23811823543616,0.756595162756958,0.335094644459989,0,7.54176167638533,1.71823245219804,0,0,0,1483.337,"MHI","Maui","MAI_KIHEI","2019",12,2.5658592265805,3.54226606361508,2.12775137121739,0.585623919758545,8.04342357476275,2.1795238849723,6.49162452648965,0,0.74802827692854,0.50047741086128,0.756040874556318,0.334849151207236,0,1.72086470842361,1.06281708046939,0,0,0
"107","MHI","Maui","MAI_LAHAINA","2019",13,0.582471131445488,2.3779042780208,3.19585878433185,3.50799578626205,9.66422998006018,4.0373321678998,5.56384960176697,0.0630482103934031,15.1973856070392,0.330482394960111,0,0,0,2.33887553339899,0,0,0,0,1181.036,"MHI","Maui","MAI_LAHAINA","2019",13,0.415677490540863,1.64486114299832,1.05912569310687,1.77337905223383,3.65596762750103,0.803044764801627,3.19392283344783,0.0629122269207973,1.61712214385237,0.20790846079484,0,0,0,0.793948430702507,0,0,0,0
"108","MHI","Maui","MAI_NE","2019",8,7.29682437803097,8.20364968845014,23.0407953450495,23.8061615035974,64.2866550526234,15.6865872676617,41.8228252532601,6.77724253170159,18.7362600796547,0.366093404681292,3.21392449607424,1.77346316680361,0,17.6235938431346,1.42284842562037,0.463942595817984,8.50543010814953,0,2321.596,"MHI","Maui","MAI_NE","2019",8,3.64078661478834,5.57030506586101,3.29147212785881,4.90695413426826,5.78494247319129,3.51032925040485,3.61330088357115,2.33524081892655,0.89438681649186,0.365957561959904,1.18457244612038,1.77280510506369,0,2.80216710129991,0.70533258386297,0.225693320064812,5.70067597603651,0
"109","MHI","Maui","MAI_SE","2019",8,14.9072915963128,9.08692093402753,17.6662413721186,21.316410031419,87.5063012670739,26.6212431441685,24.8297097007873,10.6307195479453,17.0257177941793,0.194369860255908,4.78163270259369,1.19310196812249,0,12.1552967001513,2.83008430245763,0.199322914897306,36.4131794438974,0,1857.913,"MHI","Maui","MAI_SE","2019",8,8.0079398663732,3.73480811838317,4.56476829166364,3.77338341661866,17.1868665045084,4.24236590755709,9.42781291976231,9.89009405797719,0.708259130920551,0.122804901312307,2.74332679730647,0.775657359201755,0,3.39561903372556,1.28922435094168,0.141537102604232,30.2321865610336,0
"110","MHI","Molokai","MOL_PALI","2019",17,6.20103525518962,6.11226396975996,26.2285641610781,15.5711118793282,54.1129752653559,9.6905878151409,40.6374875101937,3.78489994002128,20.1138988974142,0.467966030804996,4.38426515010293,4.28190153052114,0,18.8361481487918,1.26411231819329,1.51197951683787,5.64576368686452,0,1915.061,"MHI","Molokai","MOL_PALI","2019",17,2.71082364394765,2.19181774502271,4.49139930360225,1.77543211653006,6.11891927811365,1.26412891418129,5.43105274172718,3.7813927957429,0.486801173173362,0.167229633120038,1.21478416446901,2.87736726664536,0,3.39890309865155,0.4785808836196,0.791570815755925,1.41629787452647,0
"111","MHI","Molokai","MOL_SOUTH","2019",14,4.59651365346888,2.52456749905269,10.3586540498546,4.00980500589624,21.4895402082725,8.58639726975267,11.876079141787,1.0270637967328,15.6807268442057,1.95974776977741,0.293284746270457,2.50638776824624,0,7.73571253387866,1.03784319698622,0.269271263557062,0,0,2973.75,"MHI","Molokai","MOL_SOUTH","2019",14,1.77476644982921,1.46094923561196,2.85103862036107,0.9324377340551,5.60439346335676,1.99609184990224,4.40005706522161,0.733482424421059,0.902206444927303,0.554836075849745,0.293104586622203,1.76256065133974,0,2.43880606887121,0.496222705366656,0.230355179222617,0,0
"112","MHI","Molokai","MOL_WEST","2019",9,0.898267794384724,0.671260754501155,6.64200405029912,3.92474860881242,12.1362812079974,4.02616985755091,7.83234115406485,0.277770196381647,19.4390336948608,0.418374911097059,0.175708838676728,0,0,5.84497625745204,0.342283397033413,0,0,0,3491.664,"MHI","Molokai","MOL_WEST","2019",9,0.512169528585968,0.32932095110883,3.61700888348017,0.472965231235193,4.43715314191484,1.35085371618681,3.39365714596322,0.277714601765157,1.3272988310172,0.418218063162522,0.175642965777338,0,0,2.98618313492025,0.2385158176015,0,0,0
"113","MHI","Niihau","NII_EAST","2019",2,2.44067853051085,20.1021535979922,39.3824499023918,4.07828698868998,85.5829584154461,23.7148795904969,54.9206414024223,0,16.8687581699346,7.5,10,0.241888376496655,0,2.85445946166099,0,0,0.686681483605425,0,1354.142,"MHI","Niihau","NII_EAST","2019",2,1.40034567265329,19.8941725473643,38.9386816705559,2.28898972600031,79.2972726110467,21.2811904144234,51.0699275197122,0,2.63297782056473,7.49861523155471,9.99815364207295,0.241843715244514,0,2.85393242627554,0,0,0.686554697625363,0
"114","MHI","Niihau","NII_LEHUA","2019",6,24.0175098405497,7.79537307696984,20.1909348780409,19.3611957164065,71.3650135119668,22.147345811164,34.0090307729737,15.2086369278292,19.6703174153517,0.507165065343215,3.74809895812628,10.2674269892758,4.25977097399862,13.2059456763934,5.47647539985655,0.0915209127166092,4.34629905936135,0,862.155,"MHI","Niihau","NII_LEHUA","2019",6,8.22222398391344,3.46800513140177,2.74264857183157,3.4640451372874,11.5893652797335,5.19926871376859,3.32355160989744,8.79387619696924,1.05106078262648,0.274157858096246,1.50996633550833,3.83525227249565,4.25557810343507,1.44410506224446,2.32020784559102,0.0914456229145166,2.08402902204574,0
"115","MHI","Niihau","NII_WEST","2019",6,20.5055007500202,3.48640195993069,16.1880846890788,26.4936417893278,66.6736291883575,23.0885173949503,29.5691850484614,14.0159267449457,18.0938429597988,0.837600560280539,3.91950565741363,0.566740601596934,0,9.81956135617098,5.08700141844172,0.938301753613487,6.77903526466235,0,4702.777,"MHI","Niihau","NII_WEST","2019",6,6.37972098890899,1.08416162752299,1.19021819293551,3.32560456824569,5.88662240432682,4.22211227680794,3.76524005622308,6.2844121223565,0.799614102712703,0.234465829849704,1.7468979863877,0.566647633344062,0,1.95923584761138,1.12039904273916,0.329027168011863,1.89560502787853,0
"116","MHI","Oahu","OAH_EAST","2019",7,5.40384612229153,9.52925205250515,15.7660351787169,6.8901384011062,38.036837886775,21.5827373894622,12.1511556905945,1.54147623546492,14.0519085178209,1.17326091542287,1.15246084910717,1.06161025976396,0,10.9277336257713,1.77055715399676,0.329124723073923,0,0,3161.9,"MHI","Oahu","OAH_EAST","2019",7,4.40979574928311,7.28824564869509,5.39928298533315,1.98922914087127,16.9011125120442,8.52204547048271,5.32650498865513,1.54115237713774,0.32650407622132,0.893544259932293,1.1522187214414,0.826325299634607,0,3.62731189244998,1.40339109520453,0.329049809629362,0,0
"117","MHI","Oahu","OAH_KAENA","2019",10,2.14662115101109,2.39123408353154,9.42642403715494,5.78429730416952,19.7485765758671,9.00413602203911,10.744440553828,0,14.8656015038074,1.17166144085229,1.97217127129919,0,0,5.32107634449131,0.787909635008938,0.0564819101413422,0.0286451199891546,0,1845.845,"MHI","Oahu","OAH_KAENA","2019",10,1.62270978449892,1.33024906746356,6.29252352661986,1.68018460608677,10.1767398821,3.14991910537359,7.1076553287654,0,0.68757736064588,0.930255828613411,1.79974105575969,0,0,3.39087910117545,0.767252283865205,0.0563843400630974,0.0183300943121434,0
"118","MHI","Oahu","OAH_NE","2019",11,1.74262903952599,1.37048844827662,7.31751347967794,5.22578167049656,15.6564126379771,8.59002929918634,7.06638333879077,0,14.2593130520985,0.438024678303333,1.15840043118579,1.00097375530315,0,5.45290168217675,0.353479779579525,0,0.320949183070651,0,5396.772,"MHI","Oahu","OAH_NE","2019",11,1.15044487914073,0.977256468928153,3.72820025440534,2.03789369934583,7.33767982304452,3.18351702455275,4.28339296710248,0,0.655565850069913,0.240290670153976,1.15817928032015,0.623530219607329,0,2.9727462060401,0.35341229655972,0,0.233466484999191,0
"119","MHI","Oahu","OAH_NORTH","2019",11,1.34335782010707,3.1658870858594,10.1536452411434,4.53932246404232,19.2022126111522,8.40948475040435,10.021419504114,0.771308356633873,15.6262298975013,0,1.08946585422573,1.81270385044561,0,7.56794732678019,0.0965226358606274,0,0.0254106895031889,0,3083.336,"MHI","Oahu","OAH_NORTH","2019",11,0.791840948906874,1.85777387279676,5.53954172081078,1.07679564085335,7.72917266184416,2.98376458337374,5.17811597307384,0.770883091533753,0.985225253690995,0,1.0888651712413,1.4929566606916,0,4.80762208724931,0.0964694175750351,0,0.0148686304646761,0
"120","MHI","Oahu","OAH_SOUTH","2019",19,1.61973719866801,3.7370644440871,6.98287649549285,5.4538820846425,17.7935602228905,8.50933749154529,8.43963823069398,0.844584500651195,15.3849384176354,0.123975335652824,0,1.16251059842343,0,5.16745347680261,0,0.13260731743232,0.0455779432032293,0,9413.22,"MHI","Oahu","OAH_SOUTH","2019",19,0.730921054509678,1.12859460577138,1.79556036372741,1.27045875601028,3.02310378238099,2.20167630145728,2.12704034315506,0.559129628899393,0.455108250608129,0.0725628114660311,0,0.618133852755803,0,1.6357456862489,0,0.132585270589907,0.0455638679778889,0
"121","NWHI","French Frigate","French Frigate","2024",65,90.941974549815,4.3157573861619,21.257980587546,18.6626459678692,139.426168877112,13.1954687971003,39.1923578654719,87.4329552636281,23.5158625208578,3.42636967929926,4.4970179350025,23.6200899383902,88.9285197652584,11.5896643529583,0.234321313572848,0,3.85775892971947,0,40508.501,"NWHI","French Frigate","French Frigate","2024",65,16.6575764153214,1.08873470444431,5.8191944138521,4.29540898431637,17.5846687814517,1.36515974372983,10.5586821989825,17.1630633081884,0.726547529973238,0.524978561276249,2.43354051592432,6.32645846222928,48.6121760420697,3.37368124556058,0.0998488497754301,0,1.62803091777252,0
"122","MHI","Hawaii","HAW_HAMAKUA","2024",15,6.58000876013102,7.95485943623903,22.5067249617005,17.3460310594485,58.1467270451879,10.8764926402225,44.3558854951432,1.70160095791999,18.2679568395882,0.126191132825097,3.57807572826785,3.16783010768865,0,16.9529985335368,2.30378165608338,2.15291077724298,7.21997236223803,0,4300.146,"MHI","Hawaii","HAW_HAMAKUA","2024",15,1.86887132508107,3.13597892833575,5.01167167788814,3.18641185433576,10.1528480003824,1.45109607888695,8.72298570167813,1.46906242566997,0.661352284387505,0.126141801514201,1.41137453471603,1.15151857575011,0,4.2949138829167,0.847661565965979,1.37569339635569,4.43636390240444,0
"123","MHI","Hawaii","HAW_KONA","2024",24,4.51783319143941,7.4544095969906,18.956759539441,6.19253884226239,40.448218849926,19.6148167412826,14.0831034882523,3.40478348789853,14.9020763957112,1.54909758630592,1.19917075989045,0.308458752685138,0,12.9438959868644,2.65310529821609,0,0.329957106280676,0,5148.568,"MHI","Hawaii","HAW_KONA","2024",24,0.599028338089785,2.47337941772429,2.43042827598026,0.990831710073533,6.53605576476483,2.61314161105119,1.3879228833073,2.98832789893072,0.35660094938937,0.336484970527411,0.576708706916467,0.194790307924629,0,1.07847620165008,0.6043290369435,0,0.118586978683923,0
"124","MHI","Hawaii","HAW_PUNA","2024",8,2.76377568255253,2.98801280574605,18.7013045868592,15.5502690088752,43.1526693414962,15.6466914728281,27.5059778686681,0,16.5390953928608,0.708353359599234,2.75170066223259,0.140931718377781,0,13.291708648475,2.48974707105298,0.969852831084674,8.25793673505521,0,3388.378,"MHI","Hawaii","HAW_PUNA","2024",8,0.555358301207735,1.30541959328714,5.30890897795221,4.45102004098209,11.4546681222137,3.40780287808126,9.10230281856035,0,0.723740464088398,0.653238947916956,1.28239894753058,0.140898267032869,0,4.41073011949704,0.50996320779986,0.449591150885928,6.40804248393635,0
"125","MHI","Kahoolawe","KAH_NORTH","2024",11,11.9161896371303,8.83845588099261,25.0466719736764,19.7975627472014,72.9827642431193,14.9611891009518,49.5031836012821,5.08999302570228,18.5994433306955,2.87726682586594,5.6248449727439,1.27174167295681,0,11.0228902963956,5.28270381986343,5.53456587285445,8.10159549446819,0,965.398,"MHI","Kahoolawe","KAH_NORTH","2024",11,3.88813557248322,3.50660324702536,4.42561673572227,4.53231070783494,13.0180054684527,2.99375287209654,8.58794009249174,2.74856327477396,0.668705202005101,1.31274558995328,1.92133998549119,0.723664820878703,0,2.31858747752843,1.25451416437324,2.14246793021389,6.25471606821418,0
"126","MHI","Kahoolawe","KAH_SOUTH","2024",12,19.1990691228499,5.93384553259966,25.0294879325193,13.3000473204513,63.7054816882053,12.3876524581242,37.201072159752,14.116757070329,18.7807790504112,1.52814793066757,6.67329659791447,9.3205825140812,0,15.8334629085164,3.57125372504448,1.52049317128554,1.82066267948809,0,897.619,"MHI","Kahoolawe","KAH_SOUTH","2024",12,8.99078716805184,1.68696888530524,3.58016352122409,3.76016875070979,12.5975557672106,1.08558968927818,8.30558087101108,9.24961520077705,0.763109503506805,0.624610814845309,1.74210006633641,8.51249403375912,0,2.21139995553145,1.09565796954485,0.929135373269065,1.6344532529736,0
"127","MHI","Kauai","KAU_EAST","2024",8,0.673517051199488,1.86019824163602,4.93738852364204,5.91419335113404,13.3852971676116,8.96557162694019,4.41972554067139,0,13.7866158064028,0,0,0,0,3.91317991022173,0.212690015121338,0.179224119447335,0,0,7605.089,"MHI","Kauai","KAU_EAST","2024",8,0.450655155582043,1.39188321514871,1.35108567811776,1.45677350556076,4.04777526836053,2.60354314722028,1.64400666810434,0,0.204125874118562,0,0,0,0,1.17796284303466,0.174216290848578,0.0985472304606963,0,0
"128","MHI","Kauai","KAU_NAPALI","2024",7,3.7906209910938,0.256155399235189,11.8438774453625,6.70739948744879,22.5980533231403,5.42889145932576,15.3636743366614,1.80548752715314,17.5562730380424,0.0802734531055844,1.51842519135314,0.607303760086921,0,8.53195320254755,1.29156274731188,0.670839555439344,0.351776813893278,0,6857.497,"MHI","Kauai","KAU_NAPALI","2024",7,1.86256439109723,0.0637349914184825,4.38514633437207,1.00013208009808,3.73721629359211,1.03085449475818,4.48176781815796,1.80533820992914,1.98709836658937,0.0802629914283883,1.51822730184442,0.167989638782837,0,3.06246680353019,0.324918344053073,0.058306370924915,0.143583648795555,0
"129","NWHI","Kure","Kure","2024",59,71.9037253573934,3.29115998873499,23.3863741315505,13.8369101205791,115.603549854782,11.8133621764798,32.5427810649655,68.4757061536327,17.8119885566578,1.94074093640838,6.75050243892145,13.2820771533378,68.7974569861328,10.1658480220321,0,0,1.40983656322961,0,3011.531,"NWHI","Kure","Kure","2024",59,10.4920215521724,0.414972303595561,4.69375208969305,3.53616616024369,14.2822113644372,1.51693867020863,7.36058204121056,10.3880274603137,1.06432508604504,0.370186193740462,2.07102858926734,3.36363050330195,16.4756642308115,1.86415340824029,0,0,1.39421645558418,0
"130","MHI","Lanai","LAN_SOUTH","2024",18,3.49402488777108,12.4630552224856,17.8157722311794,13.5076401119918,70.1809868913593,18.367215092162,31.8658525604745,3.49352557678253,17.242605533919,3.12003175563649,1.04965399837579,0.715060593345127,0,10.9888301991355,1.35509870942804,0.609671904816429,8.83706495630268,0,1635.661,"MHI","Lanai","LAN_SOUTH","2024",18,0.969802311019663,2.60432681046982,4.68897684066664,2.40029564976389,23.7137063831,2.75823115700131,7.892740067311,2.63102578778697,0.796617368753621,1.07951844476947,0.559717765284116,0.334744197478682,0,3.6083708873437,0.34877348512344,0.15523462286574,7.61127960049407,0
"131","NWHI","Laysan","Laysan","2024",10,40.4486661184701,7.40911721237986,15.3078750290349,20.3027629338255,86.2256491154941,11.2667452899243,38.4597269038611,35.5464207810601,24.4374822398855,1.43296461070888,1.66365031569072,9.61506281675052,20.7108447219067,8.6679209431059,0,0,0.390266839482756,0,9013.72,"NWHI","Laysan","Laysan","2024",10,19.8031248205577,6.02492800464796,7.09595161133319,4.71104058100997,27.1710018335276,6.49007699673143,10.8604322018209,21.1817656209921,2.29512608808891,1.20289763875318,0.954015174127445,5.7319364274799,20.105625893578,3.11021403659181,0,0,0.390231681427101,0
"132","NWHI","Lisianski","Lisianski","2024",60,108.75369550003,2.53815950845422,15.2549414860475,6.5709619433015,135.767401181778,13.1218199019076,19.6713671187225,100.654991691591,20.3758203348239,6.14187467085925,1.90029704807296,49.4212586003618,140.867674311528,5.27406864180189,0,0,0,0,29733.979,"NWHI","Lisianski","Lisianski","2024",60,14.426652423637,0.46423429834931,1.33405237662953,0.821956736549992,15.4862477794049,0.867004516961202,2.25464538099926,14.655349315235,0.680891814449914,0.635840282292066,0.426078831175781,11.0496540417003,111.301829385863,0.527114347918832,0,0,0,0
"133","MHI","Maui","MAI_KIHEI","2024",11,3.03515943148649,9.0550634031351,17.4044426795969,9.70564085888335,51.7749921417626,12.8455301487111,24.9707724749232,9.46389336401639,16.4259183554549,2.7743679470312,2.27457095222383,0.124067607977372,0,6.37399640211931,1.73072934379368,0.289344146267472,0,0,1483.337,"MHI","Maui","MAI_KIHEI","2024",11,0.952519245721011,4.19128807591099,5.47274299973603,2.9770084794536,13.2639974656964,2.34748837674136,9.74624563443208,6.16734318111508,0.920225566656887,0.82506743079674,1.80934209019838,0.10413624155989,0,1.5034814775634,0.874375068875556,0.289061477004118,0,0
"134","MHI","Maui","MAI_LAHAINA","2024",7,0.828238764491553,1.44774473475805,5.72405835242398,4.59312483524169,12.5931666869153,5.36645682779391,7.03735110398733,0.189358755134037,15.9800061010766,0.207849007985569,0.389693010324779,0.215854006139088,0,4.32197980734585,0.199864427901624,0,0,0,1181.036,"MHI","Maui","MAI_LAHAINA","2024",7,0.312454731170387,1.04619760031535,3.55467688229869,1.82648524519728,5.75951880049983,2.29317607035293,3.97280120481981,0.189227111540356,1.28510149274588,0.175637520831427,0.389413046345996,0.21566995973026,0,3.17478575579598,0.199725480687279,0,0,0
"135","MHI","Maui","MAI_NE","2024",8,2.22143333243547,4.75247050792635,23.6514486236366,16.468054906752,47.0934073707504,12.1497930955761,34.9436142751743,0,18.3627735021521,0.74315451018676,2.30716754359692,0.766591055119665,0,14.8983614610925,1.03203964522581,0.271053542979036,3.58386593991853,0,2321.596,"MHI","Maui","MAI_NE","2024",8,1.03820627984224,1.36123622090668,8.18588459518796,2.72669013030482,10.9847194721494,2.50247802256173,11.1137391703352,0,1.54572823354019,0.410783523206939,1.14551612783328,0.41919213452483,0,4.80123919175399,0.607490734417804,0.200874306601417,0.903112290888362,0
"136","MHI","Molokai","MOL_PALI","2024",10,11.1812625977383,4.6448834061886,22.9756470626363,19.85673249714,60.9093160266301,8.9002958502699,44.0902124698903,6.75019608907294,19.7929217916282,0.911030638733601,3.74343643802554,1.61328789861616,0,16.2930344732082,1.84101974898002,4.47652756426011,7.63750487938762,0,1915.061,"MHI","Molokai","MOL_PALI","2024",10,2.75005721624233,3.29227635255829,4.56527494782735,5.19469921390362,10.4232951948736,1.26457277414426,10.8673866560694,2.98045240963308,0.595537473600123,0.578443565401788,2.08267584511337,1.03095897478948,0,4.12439899540183,1.24377015621974,1.86824826713972,4.85378326550391,0
"137","MHI","Molokai","MOL_SOUTH","2024",6,6.47561951149687,5.93133420147896,23.7441766549359,8.95593742522811,62.0412624249654,24.281267509043,15.3292486095496,1.79665247329614,14.728838810361,4.28108382308579,0,0,0,35.1329835523574,4.1308849577906,1.0512128939504,0,0,3917.57,"MHI","Molokai","MOL_SOUTH","2024",6,2.80947684117811,4.40323139470167,8.21365238267949,2.41382004181104,30.7534278039265,5.0181787975508,5.95088090671709,1.79617651111958,0.395651871138031,0.883164454163058,0,0,0,25.0555824946148,1.86892820923879,0.600083591650145,0,0
"138","MHI","Molokai","MOL_WEST","2024",11,5.46242572223841,4.58756827879662,13.1642846852452,12.0115975762946,95.4370770241179,10.0680699762335,22.8616695080975,28.5089713646931,20.1463180824451,0.00567841489261803,3.57770010707407,0,0,8.38117335787175,0.684575267981984,24.8687217943146,4.02586653197696,0.000104923682509153,3491.664,"MHI","Molokai","MOL_WEST","2024",11,3.60425354971098,3.76392829780426,11.1422396316707,6.75861050932525,80.4237385742417,6.70790944862491,17.9852199427926,22.1299931581433,1.65495798652291,0.00567341230605715,3.57698404441522,0,0,7.26787852202282,0.684438252924293,24.8637444170842,4.02506077056411,0.000104864673451438
"139","MHI","Niihau","NII_EAST","2024",10,10.5970948974577,3.05136115273496,5.52636463354035,11.1884810110685,30.8834351778282,9.23879324744969,12.1791308405364,8.65089464277395,19.3078506021915,0,0,2.40571654452131,0,4.35311540103384,1.13745950969973,0.337121587036863,5.22371617397301,0,2692.728,"MHI","Niihau","NII_EAST","2024",10,6.77120104393112,1.6048549045558,2.87770505382195,2.10382914347601,10.580871333014,3.42978952801413,3.85882381618177,6.69513396863392,1.29221440189848,0,0,1.65586464046578,0,2.49268081251756,1.03201914259413,0.103227483127167,1.31024556347464,0
"140","MHI","Niihau","NII_LEHUA","2024",6,12.1939045734251,3.65035575502929,26.8522167156564,13.6741884534115,56.3706654975223,11.0310082215717,31.943705419157,13.3959518567936,17.6086096284203,0.722436219565799,7.24989034134867,3.78030266291787,0,15.477727865722,5.01644718172138,1.29957277001389,1.52552698083176,0,1108.892,"MHI","Niihau","NII_LEHUA","2024",6,5.42202061200622,2.0385302581575,14.1349088874691,2.38715639587557,21.4265057538842,2.69730230168748,12.6292592282786,7.4269631753681,0.744303243747996,0.55925586468114,5.75818602656457,2.97205024512259,0,6.74464614894988,3.445906402294,0.994026970699845,1.01527289889644,0
"141","MHI","Niihau","NII_WEST","2024",15,13.8678553379539,5.47662772162627,22.6912223686304,12.9642304092997,56.3019802859509,8.93136031011664,38.5851096692891,8.78551030654514,19.7630949512721,0.744766579975049,4.03980992510275,3.91907987080533,0,16.2119936735236,2.59417985603431,0.848439343199869,1.22242911543816,0,5291.652,"MHI","Niihau","NII_WEST","2024",15,4.59551813940058,2.99445091204792,6.07183874188337,3.09962143173549,10.8233443201564,2.36488047589758,8.56749186941516,3.98287192126587,1.27728625104452,0.56274003451045,1.33640855595877,1.75878960356588,0,5.14842298960544,1.26898925818845,0.352614844479588,0.448884426917633,0
"142","MHI","Oahu","OAH_EAST","2024",9,0.377098116170173,3.96118030193444,5.36144062669672,7.06232496454591,16.7620440093472,8.52886481628031,8.23317919306693,0,15.7341678821591,0.132743370202164,0,0.0346226569770399,0,4.43012990501707,0,0,0.0948635447984132,0,3161.9,"MHI","Oahu","OAH_EAST","2024",9,0.322626793478194,3.42816651345851,1.65072610078492,4.19201655841495,8.26120252357318,3.38024599103582,5.01116438108742,0,0.691143599311801,0.0890603228627038,0,0.0346129578516153,0,1.78620323889531,0,0,0.0948311545268892,0
"143","MHI","Oahu","OAH_KAENA","2024",7,0,1.2094763258811,2.92774899003754,4.54051632546843,8.67774164138706,4.02013186637258,4.65760977501448,0,14.9717654228935,0,0.416664974630526,0.110618431575582,0,2.30868641656996,0,0,0,0,1845.845,"MHI","Oahu","OAH_KAENA","2024",7,0,0.816387771473939,0.876989545875134,0.925155449945231,1.7513387488149,0.435392268434392,1.84102194971865,0,0.921480517618053,0,0.416305244746433,0.110581778487092,0,0.592440326252447,0,0,0,0
"144","MHI","Oahu","OAH_NE","2024",14,0.830052880976472,1.5500674443938,6.47269907435636,4.63520994066412,13.4880293403907,7.90777815591614,5.58025118447461,0,13.780984220165,0.884618887293854,0,0.34404183594136,0,4.99008402344862,0.382545026145203,0.128682032078,0,0,5396.772,"MHI","Oahu","OAH_NE","2024",14,0.43249459244167,0.760366106415498,2.94046376085474,0.908021451965987,4.6400176952788,2.37517791351189,2.48122484107515,0,0.560615350105159,0.450720526039596,0,0.343923600719808,0,2.54895617695549,0.222459308280602,0.128637808536026,0,0
"145","MHI","Oahu","OAH_NORTH","2024",9,0.934637558107327,0.656725419548166,5.0648032786864,5.00920171498949,11.6653679713314,4.50947237337884,7.15589559795255,0,16.5675961596005,0.265567140738718,0,0.215082291551503,0,4.2057475828727,0.642068681374899,0,0,0,3083.336,"MHI","Oahu","OAH_NORTH","2024",9,0.827144413495306,0.363048560907973,1.32422768429983,0.787004774726122,1.73007926183681,0.947772310338586,1.67307816376896,0,1.20981144013447,0.255431521489014,0,0.214983473758158,0,1.15089814874624,0.641893607128099,0,0,0
"146","MHI","Oahu","OAH_SOUTH","2024",25,0.993945309939979,1.54116099299772,3.20528603608551,4.17661314525762,9.91700548428084,5.66902545683585,3.48915611730253,0.758823910142464,14.9838229553835,0.129530339734103,0,0.607681471193083,0,2.29565135729044,0.0462009638744993,0,0.0692903666487968,0,9413.22,"MHI","Oahu","OAH_SOUTH","2024",25,0.512600574614107,0.522293096508539,0.761449373681501,0.448252254912797,1.45683581077641,0.865788553463169,0.699348558631712,0.458082955760033,0.412242085096741,0.0899216396057244,0,0.457638333911213,0,0.644034891829358,0.0461795607847574,0,0.0692711656159149,0
"147","NWHI","Pearl & Hermes","Pearl & Hermes","2024",80,148.333673264383,4.46372536923558,20.2292079014861,9.8588710125702,192.216167511835,15.3857824318419,23.3428880316448,148.14709974104,20.1228983964827,4.49809798195537,2.51623647578192,114.189021035761,68.8170961358446,11.1731931021455,0,0,0.12674533481184,0,20313.706,"NWHI","Pearl & Hermes","Pearl & Hermes","2024",80,28.5004323527821,0.682634700455625,2.98596259765869,1.57769777067633,29.5567981194964,1.79640165378989,4.29372195351456,28.5995086489674,1.51571499814362,0.940112800186572,0.430156020224202,31.8911893442593,22.9065968714231,3.0279153599746,0,0,0.0730171275107083,0
